{
  "type": "FeatureCollection",
  "generator": "overpass-turbo",
  "copyright": "The data included in this document is from www.openstreetmap.org. The data is made available under ODbL.",
  "timestamp": "2025-06-11T17:36:15Z",
  "features": [
    {
      "type": "Feature",
      "properties": {
        "@id": "node/1665587056",
        "name": "بامبو",
        "name:en": "Bambo",
        "shop": "computer"
      },
      "geometry": {
        "type": "Point",
        "coordinates": [
          50.9985305,
          35.8179356
        ]
      },
      "id": "node/1665587056"
    },
    {
      "type": "Feature",
      "properties": {
        "@id": "node/1707151489",
        "description": "خدمات کامپیوتر کنسول و موبایل",
        "name:en": "Rafigh store",
        "opening_hours": "24/7",
        "shop": "computer"
      },
      "geometry": {
        "type": "Point",
        "coordinates": [
          51.4653398,
          35.7860605
        ]
      },
      "id": "node/1707151489"
    },
    {
      "type": "Feature",
      "properties": {
        "@id": "node/1937603947",
        "name": "امدادرایانه",
        "name:en": "Emdad Rayaneh",
        "shop": "computer"
      },
      "geometry": {
        "type": "Point",
        "coordinates": [
          52.5220222,
          29.6241157
        ]
      },
      "id": "node/1937603947"
    },
    {
      "type": "Feature",
      "properties": {
        "@id": "node/2384051482",
        "name": "شرکت پیشگامان رایانه و ادوات هوشمند آرشیت",
        "name:en": "Pishgaman computer co.",
        "shop": "computer"
      },
      "geometry": {
        "type": "Point",
        "coordinates": [
          59.4822255,
          36.3370781
        ]
      },
      "id": "node/2384051482"
    },
    {
      "type": "Feature",
      "properties": {
        "@id": "node/2485970619",
        "addr:street": "مازیار",
        "name": "نت بوک آسمان",
        "name:en": "Aseman Notebook Store",
        "shop": "computer"
      },
      "geometry": {
        "type": "Point",
        "coordinates": [
          53.058127,
          36.5535489
        ]
      },
      "id": "node/2485970619"
    },
    {
      "type": "Feature",
      "properties": {
        "@id": "node/2485984708",
        "name": "دانش الکترونیک",
        "name:en": "Danesh Electronic",
        "shop": "computer",
        "website": "https://www.daneshe.com/"
      },
      "geometry": {
        "type": "Point",
        "coordinates": [
          53.0643882,
          36.560093
        ]
      },
      "id": "node/2485984708"
    },
    {
      "type": "Feature",
      "properties": {
        "@id": "node/2559433419",
        "name": "کسری رایانه",
        "name:en": "Kasra Rayaneh",
        "shop": "computer"
      },
      "geometry": {
        "type": "Point",
        "coordinates": [
          46.9996711,
          35.3086629
        ]
      },
      "id": "node/2559433419"
    },
    {
      "type": "Feature",
      "properties": {
        "@id": "node/2559433426",
        "name": "رایان مکس",
        "name:en": "RayanMax",
        "shop": "computer"
      },
      "geometry": {
        "type": "Point",
        "coordinates": [
          46.9981494,
          35.31011
        ]
      },
      "id": "node/2559433426"
    },
    {
      "type": "Feature",
      "properties": {
        "@id": "node/2559440826",
        "shop": "computer"
      },
      "geometry": {
        "type": "Point",
        "coordinates": [
          47.0017127,
          35.3104022
        ]
      },
      "id": "node/2559440826"
    },
    {
      "type": "Feature",
      "properties": {
        "@id": "node/2562522065",
        "name": "رایان روش",
        "name:en": "Rayan Ravesh",
        "shop": "computer"
      },
      "geometry": {
        "type": "Point",
        "coordinates": [
          46.9998556,
          35.3081426
        ]
      },
      "id": "node/2562522065"
    },
    {
      "type": "Feature",
      "properties": {
        "@id": "node/2562522066",
        "name": "رایان تک",
        "name:en": "Rayan Tak",
        "shop": "computer"
      },
      "geometry": {
        "type": "Point",
        "coordinates": [
          47.0004845,
          35.3098949
        ]
      },
      "id": "node/2562522066"
    },
    {
      "type": "Feature",
      "properties": {
        "@id": "node/2562526732",
        "name": "دانا رایانه",
        "name:en": "Dana Rayaneh",
        "shop": "computer"
      },
      "geometry": {
        "type": "Point",
        "coordinates": [
          47.0019227,
          35.3098104
        ]
      },
      "id": "node/2562526732"
    },
    {
      "type": "Feature",
      "properties": {
        "@id": "node/2562526733",
        "name": "کلیک رایانه",
        "name:en": "Click Rayaneh",
        "shop": "computer"
      },
      "geometry": {
        "type": "Point",
        "coordinates": [
          47.0023102,
          35.3096233
        ]
      },
      "id": "node/2562526733"
    },
    {
      "type": "Feature",
      "properties": {
        "@id": "node/2562526734",
        "name": "میکروپرداز غرب",
        "name:en": "Mircopardaz Gharb",
        "shop": "computer"
      },
      "geometry": {
        "type": "Point",
        "coordinates": [
          47.0012188,
          35.3100815
        ]
      },
      "id": "node/2562526734"
    },
    {
      "type": "Feature",
      "properties": {
        "@id": "node/2562526735",
        "shop": "computer"
      },
      "geometry": {
        "type": "Point",
        "coordinates": [
          47.0015431,
          35.3106494
        ]
      },
      "id": "node/2562526735"
    },
    {
      "type": "Feature",
      "properties": {
        "@id": "node/2575331693",
        "name": "شرکت زاگرس رایانه غرب",
        "name:en": "Zagros Rayaneh company",
        "shop": "computer"
      },
      "geometry": {
        "type": "Point",
        "coordinates": [
          46.9994331,
          35.3052671
        ]
      },
      "id": "node/2575331693"
    },
    {
      "type": "Feature",
      "properties": {
        "@id": "node/2874053786",
        "name": "کامپیوتر و موبایل امیران",
        "shop": "computer"
      },
      "geometry": {
        "type": "Point",
        "coordinates": [
          51.4956206,
          35.7965158
        ]
      },
      "id": "node/2874053786"
    },
    {
      "type": "Feature",
      "properties": {
        "@id": "node/3085811837",
        "name": "پاساژ کامپیوتر",
        "shop": "computer"
      },
      "geometry": {
        "type": "Point",
        "coordinates": [
          49.6984427,
          36.069865
        ]
      },
      "id": "node/3085811837"
    },
    {
      "type": "Feature",
      "properties": {
        "@id": "node/3090666307",
        "name": "خدمات راینه ای مهدی",
        "shop": "computer"
      },
      "geometry": {
        "type": "Point",
        "coordinates": [
          51.5023085,
          32.6341244
        ]
      },
      "id": "node/3090666307"
    },
    {
      "type": "Feature",
      "properties": {
        "@id": "node/3296998362",
        "addr:city": "لیچارگی حسن رود",
        "addr:street": "خیابان طالقانی",
        "name": "رساسیستم",
        "name:en": "Rasa system",
        "phone": "+98 18 1322 3620",
        "shop": "computer",
        "website": "http://www.rasasystem.com/"
      },
      "geometry": {
        "type": "Point",
        "coordinates": [
          49.482148,
          37.465098
        ]
      },
      "id": "node/3296998362"
    },
    {
      "type": "Feature",
      "properties": {
        "@id": "node/3297004284",
        "name": "امین کامپیوتر",
        "name:en": "Amin Computer",
        "shop": "computer"
      },
      "geometry": {
        "type": "Point",
        "coordinates": [
          49.4870311,
          37.4635301
        ]
      },
      "id": "node/3297004284"
    },
    {
      "type": "Feature",
      "properties": {
        "@id": "node/3373127060",
        "name": "بازار موبایل شرق تهران",
        "opening_hours": "Mo-Su 10:00-22:00",
        "phone": "+9821 7790 1316",
        "shop": "computer",
        "shop_1": "mobile_phone"
      },
      "geometry": {
        "type": "Point",
        "coordinates": [
          51.4971364,
          35.7200955
        ]
      },
      "id": "node/3373127060"
    },
    {
      "type": "Feature",
      "properties": {
        "@id": "node/3536866306",
        "addr:city": "یزد",
        "addr:street": "چمران",
        "designation": "اندروید واپل",
        "name": "یزد وی ای پی اپ",
        "phone": "+9803536231796",
        "shop": "computer",
        "source": "مرکزخدمات نرم افزاری یزد وی ای پی اپ",
        "website": "www.yazdvipapp.ir"
      },
      "geometry": {
        "type": "Point",
        "coordinates": [
          54.3825922,
          31.881193
        ]
      },
      "id": "node/3536866306"
    },
    {
      "type": "Feature",
      "properties": {
        "@id": "node/3607400046",
        "name": "قهرمان سیستم",
        "name:en": "Ghahraman system",
        "shop": "computer"
      },
      "geometry": {
        "type": "Point",
        "coordinates": [
          59.1060337,
          37.4438329
        ]
      },
      "id": "node/3607400046"
    },
    {
      "type": "Feature",
      "properties": {
        "@id": "node/3643960434",
        "addr:city": "کرج",
        "addr:housenumber": "779",
        "addr:street": "بلوار موذن",
        "name": "کامپیوتر خورشید",
        "operator": "امین و امیر شمس",
        "phone": "+98 26 34432906",
        "shop": "computer",
        "website": "www.suncomputer.mihanblog.com"
      },
      "geometry": {
        "type": "Point",
        "coordinates": [
          50.9816213,
          35.8561609
        ]
      },
      "id": "node/3643960434"
    },
    {
      "type": "Feature",
      "properties": {
        "@id": "node/3723058142",
        "addr:street": "خسروی",
        "name": "چاپ نگاره",
        "phone": "+98 13 4234 8377",
        "shop": "computer"
      },
      "geometry": {
        "type": "Point",
        "coordinates": [
          50.0031024,
          37.2066522
        ]
      },
      "id": "node/3723058142"
    },
    {
      "type": "Feature",
      "properties": {
        "@id": "node/3741780383",
        "name": "خدمات کامپیوتری نیکو",
        "shop": "computer"
      },
      "geometry": {
        "type": "Point",
        "coordinates": [
          60.1792135,
          34.9680546
        ]
      },
      "id": "node/3741780383"
    },
    {
      "type": "Feature",
      "properties": {
        "@id": "node/3826175057",
        "is_in": "مجتمع کامپیوتر گوهر",
        "name": "شمال رایانه",
        "name:en": "Shomal computer",
        "shop": "computer"
      },
      "geometry": {
        "type": "Point",
        "coordinates": [
          49.5913682,
          37.2755407
        ]
      },
      "id": "node/3826175057"
    },
    {
      "type": "Feature",
      "properties": {
        "@id": "node/3827590930",
        "name": "فروشگاه حسام سیستم",
        "shop": "computer"
      },
      "geometry": {
        "type": "Point",
        "coordinates": [
          59.2234936,
          34.70279
        ]
      },
      "id": "node/3827590930"
    },
    {
      "type": "Feature",
      "properties": {
        "@id": "node/3878506043",
        "description": "اولین و تنها مرکز تعمیرات کامپیوتر و لپ تاپ",
        "name": "رایانه گستر",
        "shop": "computer"
      },
      "geometry": {
        "type": "Point",
        "coordinates": [
          56.5770068,
          30.8111658
        ]
      },
      "id": "node/3878506043"
    },
    {
      "type": "Feature",
      "properties": {
        "@id": "node/3901024388",
        "name": "سروش کامپیوتر",
        "name:en": "Soroush computer",
        "shop": "computer"
      },
      "geometry": {
        "type": "Point",
        "coordinates": [
          48.8244181,
          34.2970635
        ]
      },
      "id": "node/3901024388"
    },
    {
      "type": "Feature",
      "properties": {
        "@id": "node/3907737711",
        "addr:city": "تبریز",
        "addr:street": "امام خمینی",
        "name": "داده پرداز رایانه متین",
        "note": "آذربایجان شرقی،تبریز،جنب مسجد کبود - پاساژ کبود - طبقه همکف - پلاک 45،خیابان امام",
        "phone": "+98 41 35234166",
        "shop": "computer"
      },
      "geometry": {
        "type": "Point",
        "coordinates": [
          46.3019264,
          38.0732682
        ]
      },
      "id": "node/3907737711"
    },
    {
      "type": "Feature",
      "properties": {
        "@id": "node/4031364562",
        "name": "هوشمند رایانه",
        "name:en": "Hoshmand Rayaneh",
        "shop": "computer"
      },
      "geometry": {
        "type": "Point",
        "coordinates": [
          58.506339,
          37.1017675
        ]
      },
      "id": "node/4031364562"
    },
    {
      "type": "Feature",
      "properties": {
        "@id": "node/4120857289",
        "name": "خدمات کامپیوتر و موبایل پرنیا",
        "shop": "computer"
      },
      "geometry": {
        "type": "Point",
        "coordinates": [
          51.6831199,
          32.5513473
        ]
      },
      "id": "node/4120857289"
    },
    {
      "type": "Feature",
      "properties": {
        "@id": "node/4122419089",
        "addr:city": "Shahr-e Kord",
        "addr:country": "IR",
        "addr:street": "بلوار آیت الله کاشانی",
        "name": "سپنتا سیستم",
        "name:en": "Sepanta System",
        "opening_hours": "09:00-21:00",
        "shop": "computer"
      },
      "geometry": {
        "type": "Point",
        "coordinates": [
          50.8618846,
          32.329323
        ]
      },
      "id": "node/4122419089"
    },
    {
      "type": "Feature",
      "properties": {
        "@id": "node/4180558791",
        "addr:street": "خیابان شهید دانش",
        "name": "خدمات کامپیوتری رسام ",
        "opening_hours": "Sa-Th 09:00-13:00, 16:00-21:00; Fr",
        "phone": "+989163431623",
        "shop": "computer"
      },
      "geometry": {
        "type": "Point",
        "coordinates": [
          48.2501879,
          32.1994581
        ]
      },
      "id": "node/4180558791"
    },
    {
      "type": "Feature",
      "properties": {
        "@id": "node/4187613403",
        "addr:street": "سنگ فرش",
        "name": "احتشام",
        "phone": "+98 935 406 1003",
        "shop": "computer"
      },
      "geometry": {
        "type": "Point",
        "coordinates": [
          46.3607929,
          38.0570294
        ]
      },
      "id": "node/4187613403"
    },
    {
      "type": "Feature",
      "properties": {
        "@id": "node/4213618489",
        "addr:street": "سعدی شمالی",
        "internet_access": "wlan",
        "name": "اینترنت راینت-فن آوا",
        "opening_hours": "Sa-Th 09:00-20:00",
        "phone": "+98 24 3333 1333",
        "shop": "computer",
        "website": "https://www.fanava.net/"
      },
      "geometry": {
        "type": "Point",
        "coordinates": [
          48.4850931,
          36.6768192
        ]
      },
      "id": "node/4213618489"
    },
    {
      "type": "Feature",
      "properties": {
        "@id": "node/4221985493",
        "addr:street": "بلوار معلم",
        "name": "رایانه ثامن بیرجند",
        "shop": "computer"
      },
      "geometry": {
        "type": "Point",
        "coordinates": [
          59.227859,
          32.8632989
        ]
      },
      "id": "node/4221985493"
    },
    {
      "type": "Feature",
      "properties": {
        "@id": "node/4242526492",
        "name": "کامپیوتر اندیشه",
        "shop": "computer"
      },
      "geometry": {
        "type": "Point",
        "coordinates": [
          51.5697741,
          35.4426514
        ]
      },
      "id": "node/4242526492"
    },
    {
      "type": "Feature",
      "properties": {
        "@id": "node/4242571789",
        "name": "کامپیوتر اندیشه",
        "shop": "computer"
      },
      "geometry": {
        "type": "Point",
        "coordinates": [
          51.5697802,
          35.4426586
        ]
      },
      "id": "node/4242571789"
    },
    {
      "type": "Feature",
      "properties": {
        "@id": "node/4285650389",
        "addr:housenumber": "12",
        "addr:street": "سوم",
        "email": "info@pars-e.com",
        "internet_access": "wlan",
        "name": "پارس ارتباط افزار",
        "opening_hours": "sa-th 08-17",
        "phone": "+982189395",
        "shop": "computer",
        "website": "https://www.pars-e.com/"
      },
      "geometry": {
        "type": "Point",
        "coordinates": [
          51.421974,
          35.7254273
        ]
      },
      "id": "node/4285650389"
    },
    {
      "type": "Feature",
      "properties": {
        "@id": "node/4289119690",
        "addr:street": "بلوار پروفسور حسابی",
        "name": "چیستا رایانه",
        "phone": "+98 913 358 8970",
        "shop": "computer"
      },
      "geometry": {
        "type": "Point",
        "coordinates": [
          54.3591926,
          31.8445738
        ]
      },
      "id": "node/4289119690"
    },
    {
      "type": "Feature",
      "properties": {
        "@id": "node/4289120389",
        "name": "کامپیوتر ترافیک",
        "phone": "+98 913 159 4681",
        "shop": "computer"
      },
      "geometry": {
        "type": "Point",
        "coordinates": [
          54.3549402,
          31.8426866
        ]
      },
      "id": "node/4289120389"
    },
    {
      "type": "Feature",
      "properties": {
        "@id": "node/4292229589",
        "addr:street": "چهارباغ آیت الله مدنی",
        "name": "فروشگاه آریانا",
        "phone": "+98 912 917 3458",
        "shop": "computer"
      },
      "geometry": {
        "type": "Point",
        "coordinates": [
          48.517245,
          34.7909273
        ]
      },
      "id": "node/4292229589"
    },
    {
      "type": "Feature",
      "properties": {
        "@id": "node/4294500001",
        "email": "alimohammadi@gmail.com",
        "name": "مانی رایانه",
        "phone": "+98 34 4228 1174;+98 912 696 8365",
        "shop": "computer",
        "website": "www.manirayaneh.ir"
      },
      "geometry": {
        "type": "Point",
        "coordinates": [
          55.6781616,
          29.4447613
        ]
      },
      "id": "node/4294500001"
    },
    {
      "type": "Feature",
      "properties": {
        "@id": "node/4306015103",
        "name": "پاساژ امجد",
        "name:en": "Amjad Mall",
        "shop": "computer"
      },
      "geometry": {
        "type": "Point",
        "coordinates": [
          51.410601,
          35.6983705
        ]
      },
      "id": "node/4306015103"
    },
    {
      "type": "Feature",
      "properties": {
        "@id": "node/4318311692",
        "addr:housenumber": "no64",
        "addr:postcode": "5137653515",
        "addr:street": "ارتش جنوبی",
        "contact:phone": "+984135556912",
        "contact:website": "www.pcc-soft.com",
        "email": "info@pcc-soft.com",
        "internet_access": "wlan",
        "name": "پخش نرم افزار پاسارگاد",
        "opening_hours": "Sa-Th 10:00-19:30",
        "shop": "computer"
      },
      "geometry": {
        "type": "Point",
        "coordinates": [
          46.2968893,
          38.0729779
        ]
      },
      "id": "node/4318311692"
    },
    {
      "type": "Feature",
      "properties": {
        "@id": "node/4329004973",
        "addr:city": "میاندواب",
        "addr:housenumber": "194",
        "addr:postcode": "5971817463",
        "addr:street": "برق",
        "contact:mobile": "+989149821879",
        "contact:phone": "+984445267691",
        "name": "خدمات کامپیوتری آی گون",
        "shop": "computer"
      },
      "geometry": {
        "type": "Point",
        "coordinates": [
          46.0998036,
          36.9657413
        ]
      },
      "id": "node/4329004973"
    },
    {
      "type": "Feature",
      "properties": {
        "@id": "node/4346273292",
        "addr:housenumber": "41",
        "addr:street": "سلیمانی غربی",
        "email": "info@barg-co.com",
        "internet_access": "wlan",
        "name": "شرکت برگ",
        "name:en": "Barg Company",
        "opening_hours": "Sa-Th 09:00-17:00",
        "phone": "+982122196758",
        "shop": "computer",
        "website": "https://barg-co.com/"
      },
      "geometry": {
        "type": "Point",
        "coordinates": [
          51.4442465,
          35.7986117
        ]
      },
      "id": "node/4346273292"
    },
    {
      "type": "Feature",
      "properties": {
        "@id": "node/4353783289",
        "addr:street": "شهرستان خانمیرزا-دهستان جوانمردی-خیابان امام-یاش شاپ",
        "email": "Yaser28399@gmail.com",
        "internet_access": "wlan",
        "name": "یاس شاپ",
        "shop": "computer",
        "website": "http://shop-on.zepo.ir/"
      },
      "geometry": {
        "type": "Point",
        "coordinates": [
          51.147811,
          31.456038
        ]
      },
      "id": "node/4353783289"
    },
    {
      "type": "Feature",
      "properties": {
        "@id": "node/4359435597",
        "addr:street": "بلوار دهخدا",
        "check_date": "2025-02-08",
        "name": "آیسان نت",
        "name:en": "Aysan Net",
        "shop": "computer"
      },
      "geometry": {
        "type": "Point",
        "coordinates": [
          50.0079866,
          36.2817498
        ]
      },
      "id": "node/4359435597"
    },
    {
      "type": "Feature",
      "properties": {
        "@id": "node/4362166989",
        "name": "شرکت سروشان",
        "name:en": "Sorooshan co.",
        "opening_hours": "Sa-Th 08:30-17:30",
        "shop": "computer",
        "website": "https://sorooshan.com/"
      },
      "geometry": {
        "type": "Point",
        "coordinates": [
          51.4181211,
          35.7066241
        ]
      },
      "id": "node/4362166989"
    },
    {
      "type": "Feature",
      "properties": {
        "@id": "node/4366833993",
        "addr:street": "بزرگراه نواب صفوی",
        "name": "فروشگاه کامپیوتر",
        "name:en": "TehranHost",
        "phone": "+982166381002",
        "shop": "computer",
        "website": "https://www.tehranhost.com/"
      },
      "geometry": {
        "type": "Point",
        "coordinates": [
          51.3783335,
          35.6944067
        ]
      },
      "id": "node/4366833993"
    },
    {
      "type": "Feature",
      "properties": {
        "@id": "node/4377138991",
        "addr:street": "فتحی شقاقی",
        "email": "info@knwifi.ir",
        "internet_access": "wlan",
        "name:ar": "کالا نماد",
        "name:en": "knwifi",
        "opening_hours": "Mo-Su 09:00-18:00",
        "phone": "+98 21 4405 2052",
        "shop": "computer",
        "website": "https://www.knwifi.ir/"
      },
      "geometry": {
        "type": "Point",
        "coordinates": [
          51.4089331,
          35.724642
        ]
      },
      "id": "node/4377138991"
    },
    {
      "type": "Feature",
      "properties": {
        "@id": "node/4384420791",
        "addr:housenumber": "91",
        "addr:street": "آفرینش",
        "internet_access": "wlan",
        "name": "Asannet آسان نت",
        "opening_hours": "Sa-Th 10:00-22:00",
        "phone": "+986142252095",
        "shop": "computer"
      },
      "geometry": {
        "type": "Point",
        "coordinates": [
          48.4042021,
          32.379506
        ]
      },
      "id": "node/4384420791"
    },
    {
      "type": "Feature",
      "properties": {
        "@id": "node/4386307493",
        "addr:housenumber": "+982188831299",
        "addr:postcode": "15889",
        "addr:street": "زهره",
        "email": "ahmadikhesal@Gmail.com",
        "internet_access": "wlan",
        "name:en": "mana afraz khavar co",
        "opening_hours": "Sa-We 09:00-17:00; Th 09:00-13:00",
        "phone": "+98 21 8883 1299",
        "shop": "computer"
      },
      "geometry": {
        "type": "Point",
        "coordinates": [
          51.4257837,
          35.7220082
        ]
      },
      "id": "node/4386307493"
    },
    {
      "type": "Feature",
      "properties": {
        "@id": "node/4394165989",
        "addr:housenumber": "9784",
        "addr:street": "میر فندرسکی",
        "email": "info@idkala.com",
        "internet_access": "wlan",
        "name": "سبحان رایانه",
        "name:en": "sobhan rayaneh",
        "opening_hours": "Sa-Th 09:00-14:00, 17:00-21:00",
        "phone": "+98 31 3663 1597",
        "shop": "computer",
        "website": "https://www.idkala.com/"
      },
      "geometry": {
        "type": "Point",
        "coordinates": [
          51.6726567,
          32.6352357
        ]
      },
      "id": "node/4394165989"
    },
    {
      "type": "Feature",
      "properties": {
        "@id": "node/4403557792",
        "addr:housenumber": "513",
        "addr:street": "حیدرخانی",
        "internet_access": "wlan",
        "name": "رایانه کمک",
        "name:en": "Rayaneh Komak",
        "opening_hours": "24/7",
        "phone": "+982177192337",
        "shop": "computer",
        "website": "http://www.7129.ir"
      },
      "geometry": {
        "type": "Point",
        "coordinates": [
          51.5032172,
          35.7349334
        ]
      },
      "id": "node/4403557792"
    },
    {
      "type": "Feature",
      "properties": {
        "@id": "node/4405379189",
        "addr:city": "تبریز",
        "addr:street": "امام خمینی",
        "name": "شرکت برنامه نویسان دانش برتر سهند",
        "opening_hours": "09:00-20:00",
        "phone": "+98 413 35231787",
        "shop": "computer",
        "smoking": "yes",
        "source": "برنامه نویسی و طراحی وب سایت",
        "website": "https://developerweb.ir/"
      },
      "geometry": {
        "type": "Point",
        "coordinates": [
          46.307684,
          38.0636486
        ]
      },
      "id": "node/4405379189"
    },
    {
      "type": "Feature",
      "properties": {
        "@id": "node/4409356691",
        "addr:street": "خیابان حافظ",
        "internet_access": "wlan",
        "name": "خدمات کامپیوتری ستار",
        "phone": "+98 38 3423 744",
        "shop": "computer"
      },
      "geometry": {
        "type": "Point",
        "coordinates": [
          51.2928417,
          31.9674875
        ]
      },
      "id": "node/4409356691"
    },
    {
      "type": "Feature",
      "properties": {
        "@id": "node/4415598390",
        "addr:street": "خیابان چمران",
        "email": "info@tgy.ir",
        "internet_access": "wlan",
        "name": "مرکز بازرگانی تیراژه",
        "name:en": "Tirajeh Commercial Center",
        "opening_hours": "Sa-We 09:00-14:00; Th 09:00-14:00",
        "phone": "+98 35 3628 7760",
        "shop": "computer",
        "website": "http://tgy.ir"
      },
      "geometry": {
        "type": "Point",
        "coordinates": [
          54.3762035,
          31.8769978
        ]
      },
      "id": "node/4415598390"
    },
    {
      "type": "Feature",
      "properties": {
        "@id": "node/4418388789",
        "name": "کامپیوتر پارسه",
        "name:en": "Parse",
        "shop": "computer"
      },
      "geometry": {
        "type": "Point",
        "coordinates": [
          51.1713582,
          33.444561
        ]
      },
      "id": "node/4418388789"
    },
    {
      "type": "Feature",
      "properties": {
        "@id": "node/4426738390",
        "name": "شهر فن آوری",
        "name:en": "شهر فن آوری -کامپیوتر آبرنگ",
        "phone": "+98 24 3524 1143",
        "shop": "computer"
      },
      "geometry": {
        "type": "Point",
        "coordinates": [
          49.2344951,
          36.1565394
        ]
      },
      "id": "node/4426738390"
    },
    {
      "type": "Feature",
      "properties": {
        "@id": "node/4426743989",
        "addr:street": "بلوار شهید دکتر بهشتی",
        "name": "شهر فن آوری کامپیوتر آبرنگ",
        "name:en": "it city",
        "phone": "+98 24 3524 1143",
        "shop": "computer"
      },
      "geometry": {
        "type": "Point",
        "coordinates": [
          49.2349377,
          36.1571188
        ]
      },
      "id": "node/4426743989"
    },
    {
      "type": "Feature",
      "properties": {
        "@id": "node/4435952569",
        "addr:city": "Sari",
        "addr:housenumber": "No. 64 Taghavi Computer Center",
        "addr:postcode": "4818643675",
        "addr:street": "فرهنگ",
        "name": "وی آی تی - ویندوز سنتر",
        "name:en": "VIT - WindowsCenter",
        "opening_hours": "9:30-13:30,16:30-21:00",
        "operator": "Mani Malekizadeh",
        "shop": "computer"
      },
      "geometry": {
        "type": "Point",
        "coordinates": [
          53.0665847,
          36.5615951
        ]
      },
      "id": "node/4435952569"
    },
    {
      "type": "Feature",
      "properties": {
        "@id": "node/4463333189",
        "addr:housenumber": "‏‪2537709007‬‏",
        "addr:street": "خیابان آذر",
        "name": "نمایندگی ماکروتل قم",
        "name:en": "Macrotel service",
        "phone": "+98 25 3770 9007",
        "shop": "computer",
        "website": "https://www.hamrahservice.com/"
      },
      "geometry": {
        "type": "Point",
        "coordinates": [
          50.8908128,
          34.6420836
        ]
      },
      "id": "node/4463333189"
    },
    {
      "type": "Feature",
      "properties": {
        "@id": "node/4466086090",
        "name": "کامپیوتر علیزاده",
        "shop": "computer"
      },
      "geometry": {
        "type": "Point",
        "coordinates": [
          59.5992847,
          36.3212972
        ]
      },
      "id": "node/4466086090"
    },
    {
      "type": "Feature",
      "properties": {
        "@id": "node/4498524601",
        "addr:city": "قائمشهر",
        "addr:street": "خیابان بابل",
        "name": "فروشگاه اَپل",
        "opening_hours": "Sa-Th 08:30-21:00",
        "phone": "+989111292527",
        "shop": "computer",
        "website": "http://tlgrm.me/appleshahi"
      },
      "geometry": {
        "type": "Point",
        "coordinates": [
          52.8574714,
          36.4638147
        ]
      },
      "id": "node/4498524601"
    },
    {
      "type": "Feature",
      "properties": {
        "@id": "node/4513925557",
        "name": "مرکز خدمات اینترنت ۱۰۲۴",
        "opening_hours": "08:00-23:00",
        "shop": "computer"
      },
      "geometry": {
        "type": "Point",
        "coordinates": [
          53.3027383,
          29.913993
        ]
      },
      "id": "node/4513925557"
    },
    {
      "type": "Feature",
      "properties": {
        "@id": "node/4520193193",
        "addr:housenumber": "421",
        "addr:postcode": "64617-96736",
        "addr:street": "طالقانی",
        "email": "momtaz.shop@gmail.com",
        "name": "مرکز دیجیتال ممتاز",
        "name:en": "Momtaz shop",
        "opening_hours": "Sa-Th 08:30-13:30",
        "phone": "+98 61 4225 1282",
        "shop": "computer",
        "website": "http://www.momtazshop.ir"
      },
      "geometry": {
        "type": "Point",
        "coordinates": [
          48.4013589,
          32.3792192
        ]
      },
      "id": "node/4520193193"
    },
    {
      "type": "Feature",
      "properties": {
        "@id": "node/4540643391",
        "name": "خدمات کامپیوتری و کافی نت",
        "shop": "computer"
      },
      "geometry": {
        "type": "Point",
        "coordinates": [
          48.1991949,
          35.8471464
        ]
      },
      "id": "node/4540643391"
    },
    {
      "type": "Feature",
      "properties": {
        "@id": "node/4541545641",
        "addr:city": "شهرک امام خمینی",
        "addr:street": "بلوار بسیج",
        "name": "خدمات اینترنت پرند",
        "opening_hours": "08:00-22:00",
        "operator": "روستا",
        "phone": "+989338287497",
        "shop": "computer",
        "smoking": "no",
        "website": "https://telegram.me/mr_roosta"
      },
      "geometry": {
        "type": "Point",
        "coordinates": [
          53.2889213,
          29.9190026
        ]
      },
      "id": "node/4541545641"
    },
    {
      "type": "Feature",
      "properties": {
        "@id": "node/4541552676",
        "name": "خدمات کامپیوتر و لپ تاپ تراآتو",
        "shop": "computer"
      },
      "geometry": {
        "type": "Point",
        "coordinates": [
          53.3068759,
          29.9110533
        ]
      },
      "id": "node/4541552676"
    },
    {
      "type": "Feature",
      "properties": {
        "@id": "node/4541552678",
        "name": "کایپر کامپیوتر",
        "operator": "مرکز خدمات چاپ و تکثیر کایپر",
        "shop": "computer"
      },
      "geometry": {
        "type": "Point",
        "coordinates": [
          53.3009379,
          29.91408
        ]
      },
      "id": "node/4541552678"
    },
    {
      "type": "Feature",
      "properties": {
        "@id": "node/4545313698",
        "addr:street": "سیاه اسطلخ",
        "name": "خدمات کامپیوتری بازتاب",
        "opening_hours": "Sa-Th 09:00-21:00",
        "phone": "+98 13 3358 4178",
        "shop": "computer"
      },
      "geometry": {
        "type": "Point",
        "coordinates": [
          49.5540186,
          37.2944043
        ]
      },
      "id": "node/4545313698"
    },
    {
      "type": "Feature",
      "properties": {
        "@id": "node/4555294189",
        "addr:city": "خلخال",
        "internet_access": "wlan",
        "name": "نشر افزار",
        "name:en": "nashr afzar",
        "shop": "computer"
      },
      "geometry": {
        "type": "Point",
        "coordinates": [
          48.5264531,
          37.6182845
        ]
      },
      "id": "node/4555294189"
    },
    {
      "type": "Feature",
      "properties": {
        "@id": "node/4555793589",
        "addr:street": "خیابان شیخ مولانا",
        "name": "کامپیوتر معروفی",
        "phone": "+98 44 4432 0378",
        "shop": "computer"
      },
      "geometry": {
        "type": "Point",
        "coordinates": [
          45.4804999,
          36.1530838
        ]
      },
      "id": "node/4555793589"
    },
    {
      "type": "Feature",
      "properties": {
        "@id": "node/4557043800",
        "shop": "computer"
      },
      "geometry": {
        "type": "Point",
        "coordinates": [
          51.3643139,
          35.6573603
        ]
      },
      "id": "node/4557043800"
    },
    {
      "type": "Feature",
      "properties": {
        "@id": "node/4571156693",
        "name": "موج گویای مازند (نماینده شاتل)",
        "shop": "computer"
      },
      "geometry": {
        "type": "Point",
        "coordinates": [
          53.0671772,
          36.5656666
        ]
      },
      "id": "node/4571156693"
    },
    {
      "type": "Feature",
      "properties": {
        "@id": "node/4571875990",
        "addr:street": "شهید آیت‌الله بهشتی",
        "name": "ویستا گارانتی",
        "name:en": "waranty vista",
        "shop": "computer"
      },
      "geometry": {
        "type": "Point",
        "coordinates": [
          51.4401799,
          35.7314015
        ]
      },
      "id": "node/4571875990"
    },
    {
      "type": "Feature",
      "properties": {
        "@id": "node/4572008989",
        "name": "لپ تاپ فروشی ستارگان",
        "shop": "computer"
      },
      "geometry": {
        "type": "Point",
        "coordinates": [
          50.515329,
          29.564061
        ]
      },
      "id": "node/4572008989"
    },
    {
      "type": "Feature",
      "properties": {
        "@id": "node/4573863961",
        "name": "فروشگاه رایانه و تجهیزات کامپیوتر بشیر",
        "shop": "computer"
      },
      "geometry": {
        "type": "Point",
        "coordinates": [
          59.8629652,
          34.3590564
        ]
      },
      "id": "node/4573863961"
    },
    {
      "type": "Feature",
      "properties": {
        "@id": "node/4573916198",
        "addr:housenumber": "213",
        "addr:street": "خاقانی",
        "name": "کامپیوتر خاقانی",
        "opening_hours": "Sa-Th 10:00-21:30",
        "phone": "+98 913 114 2672",
        "shop": "computer"
      },
      "geometry": {
        "type": "Point",
        "coordinates": [
          51.6473071,
          32.6345177
        ]
      },
      "id": "node/4573916198"
    },
    {
      "type": "Feature",
      "properties": {
        "@id": "node/4574621391",
        "addr:street": "طالب آملی",
        "name": "فروشگاه ری را",
        "name:en": "Rira computer store",
        "opening_hours": "Sa-Th 08:00-21:00",
        "phone": "+98 11 4427 0081",
        "shop": "computer",
        "website": "http://www.rirasg.ir"
      },
      "geometry": {
        "type": "Point",
        "coordinates": [
          52.3446435,
          36.4712563
        ]
      },
      "id": "node/4574621391"
    },
    {
      "type": "Feature",
      "properties": {
        "@id": "node/4584255098",
        "addr:housenumber": "11",
        "addr:street": "پاساژ فیلیپس طبقه همکف",
        "email": "ator67@gmail.com",
        "name": "ارین سیستم",
        "name:en": "Arian System",
        "opening_hours": "24/7",
        "phone": "32234873",
        "shop": "computer",
        "website": "https://shoparian.ir/"
      },
      "geometry": {
        "type": "Point",
        "coordinates": [
          45.0694008,
          37.5481362
        ]
      },
      "id": "node/4584255098"
    },
    {
      "type": "Feature",
      "properties": {
        "@id": "node/4586124170",
        "name": "کامپیوتر صفر و یک",
        "shop": "computer"
      },
      "geometry": {
        "type": "Point",
        "coordinates": [
          57.6863082,
          36.2139272
        ]
      },
      "id": "node/4586124170"
    },
    {
      "type": "Feature",
      "properties": {
        "@id": "node/4598689389",
        "addr:street": "بلوار سمیه",
        "name": "صدرا سیستم",
        "name:en": "Sadra System",
        "opening_hours": "Sa-Th 09:00-21:00",
        "phone": "+98 25 3774 7136",
        "shop": "computer"
      },
      "geometry": {
        "type": "Point",
        "coordinates": [
          50.8766091,
          34.6268607
        ]
      },
      "id": "node/4598689389"
    },
    {
      "type": "Feature",
      "properties": {
        "@id": "node/4599220292",
        "addr:housenumber": "3",
        "addr:postcode": "03443",
        "addr:street": "طالقانی",
        "email": "www.reza.faryabi59@gmail.com",
        "internet_access": "wlan",
        "name": "مرکز کامپیوتر رایان جنوب",
        "name:en": "RAYAN SOUTH",
        "opening_hours": "Mo-Su 08:00-20:00",
        "phone": "+9843216499",
        "shop": "computer"
      },
      "geometry": {
        "type": "Point",
        "coordinates": [
          57.7382373,
          28.6677762
        ]
      },
      "id": "node/4599220292"
    },
    {
      "type": "Feature",
      "properties": {
        "@id": "node/4615969990",
        "addr:housenumber": "448",
        "addr:street": "کارون",
        "name": "مرکز کامپیوتر پایتخت",
        "name:en": "Paytakht Computer Center",
        "opening_hours": "Sa-Th 08:00-22:00; Fr 09:30-21:00",
        "phone": "+98 21 6688 1164",
        "shop": "computer"
      },
      "geometry": {
        "type": "Point",
        "coordinates": [
          51.3667202,
          35.691649
        ]
      },
      "id": "node/4615969990"
    },
    {
      "type": "Feature",
      "properties": {
        "@id": "node/4620521089",
        "addr:housenumber": "04144237182",
        "addr:street": "Imam Khomeini St",
        "internet_access": "wlan",
        "name": "پردیس نت ارس باران",
        "name:en": "PardisNet Arasbaran",
        "opening_hours": "24/7",
        "phone": "+98 41 4423 7181",
        "shop": "computer",
        "source:name": "map.ir",
        "website": "http://crm.pardisnet.org"
      },
      "geometry": {
        "type": "Point",
        "coordinates": [
          47.0649859,
          38.4760764
        ]
      },
      "id": "node/4620521089"
    },
    {
      "type": "Feature",
      "properties": {
        "@id": "node/4642627833",
        "name": "سپاهان نرم افزار",
        "phone": "+983132210419",
        "shop": "computer"
      },
      "geometry": {
        "type": "Point",
        "coordinates": [
          51.6699986,
          32.6650991
        ]
      },
      "id": "node/4642627833"
    },
    {
      "type": "Feature",
      "properties": {
        "@id": "node/4659387100",
        "name": "خدمات کامپیوتری جعفرزاده",
        "operator": "علی جعفرزاده",
        "shop": "computer"
      },
      "geometry": {
        "type": "Point",
        "coordinates": [
          51.4608568,
          32.5760088
        ]
      },
      "id": "node/4659387100"
    },
    {
      "type": "Feature",
      "properties": {
        "@id": "node/4661008290",
        "addr:housenumber": "26",
        "addr:street": "شریعتی ۲۵",
        "email": "info@irsamaneh.com",
        "internet_access": "wlan",
        "name": "آی آر سامانه",
        "name:en": "ir samaneh",
        "opening_hours": "Mo-Su 09:00-18:00",
        "phone": "+985136621989",
        "shop": "computer",
        "website": "http://Www.irsamaneh.com"
      },
      "geometry": {
        "type": "Point",
        "coordinates": [
          59.5169713,
          36.3537798
        ]
      },
      "id": "node/4661008290"
    },
    {
      "type": "Feature",
      "properties": {
        "@id": "node/4666644089",
        "addr:street": "ولی عصر",
        "email": "nasrollah.jazayeri@gmail.com",
        "name": "عصر رایانه شهرکرد",
        "name:en": "Asre Rayane Shahrekord",
        "opening_hours": "Sa-Th 09:00-20:00",
        "phone": "+98 38 3222 2022",
        "shop": "computer",
        "website": "https://www.telegram.me/AsreRayane"
      },
      "geometry": {
        "type": "Point",
        "coordinates": [
          50.8535874,
          32.3274203
        ]
      },
      "id": "node/4666644089"
    },
    {
      "type": "Feature",
      "properties": {
        "@id": "node/4674410194",
        "name": "خدمات کامپیوتری ات ساین",
        "shop": "computer"
      },
      "geometry": {
        "type": "Point",
        "coordinates": [
          51.5928184,
          35.7342292
        ]
      },
      "id": "node/4674410194"
    },
    {
      "type": "Feature",
      "properties": {
        "@id": "node/4674416194",
        "name": "رایکا",
        "shop": "computer"
      },
      "geometry": {
        "type": "Point",
        "coordinates": [
          51.5937324,
          35.7329206
        ]
      },
      "id": "node/4674416194"
    },
    {
      "type": "Feature",
      "properties": {
        "@id": "node/4674556591",
        "addr:housenumber": "126",
        "addr:street": "فرعی ۱ غربی فردوسی",
        "email": "EmdadRayaneh@ymail.com",
        "name": "امداد رایانه",
        "name:en": "Emdad Rayaneh",
        "opening_hours": "Sa-Th 09:30-13:30",
        "phone": "+98 31 4527 1411",
        "shop": "computer"
      },
      "geometry": {
        "type": "Point",
        "coordinates": [
          51.5449455,
          32.8620194
        ]
      },
      "id": "node/4674556591"
    },
    {
      "type": "Feature",
      "properties": {
        "@id": "node/4679018600",
        "name": "مرکز کامپیوتر الکامپ",
        "shop": "computer"
      },
      "geometry": {
        "type": "Point",
        "coordinates": [
          50.063887,
          36.1859685
        ]
      },
      "id": "node/4679018600"
    },
    {
      "type": "Feature",
      "properties": {
        "@id": "node/4679958789",
        "addr:housenumber": "1",
        "addr:street": "جابر ابن حیان",
        "email": "siavashkhosroshahi@gmail.com",
        "internet_access": "wlan",
        "name": "کامپیوتر آذر سیستم",
        "name:en": "Azar system computer",
        "phone": "+98 912 381 2483",
        "shop": "computer"
      },
      "geometry": {
        "type": "Point",
        "coordinates": [
          50.0673868,
          36.1859296
        ]
      },
      "id": "node/4679958789"
    },
    {
      "type": "Feature",
      "properties": {
        "@id": "node/4682474492",
        "name": "شاتل نور",
        "name:en": "SHATEL",
        "phone": "+98 11 4452 6570",
        "shop": "computer"
      },
      "geometry": {
        "type": "Point",
        "coordinates": [
          52.01181,
          36.5700723
        ]
      },
      "id": "node/4682474492"
    },
    {
      "type": "Feature",
      "properties": {
        "@id": "node/4699547590",
        "name": "رایان کامپیوتر نوین",
        "shop": "computer"
      },
      "geometry": {
        "type": "Point",
        "coordinates": [
          53.0673296,
          36.5620208
        ]
      },
      "id": "node/4699547590"
    },
    {
      "type": "Feature",
      "properties": {
        "@id": "node/4702913289",
        "email": "Zero1co.ir@gmail.com",
        "internet_access": "wlan",
        "name": "صفر یک رایانه",
        "name:en": "Zero1 computer",
        "opening_hours": "Sa-Th 08:30-20:30",
        "phone": "+98 71 3843 7871",
        "shop": "computer",
        "website": "http://www.zero1.ir"
      },
      "geometry": {
        "type": "Point",
        "coordinates": [
          52.4739065,
          29.6159056
        ]
      },
      "id": "node/4702913289"
    },
    {
      "type": "Feature",
      "properties": {
        "@id": "node/4703384889",
        "addr:street": "سردشت - ربط - مهاباد",
        "internet_access": "wlan",
        "name": "کامپیوتر سان سیستم",
        "name:en": "sun system company",
        "phone": "44363373",
        "shop": "computer"
      },
      "geometry": {
        "type": "Point",
        "coordinates": [
          45.5491874,
          36.2072072
        ]
      },
      "id": "node/4703384889"
    },
    {
      "type": "Feature",
      "properties": {
        "@id": "node/4712041090",
        "addr:street": "هجرت",
        "email": "Kosarstore8701@gmail.com",
        "internet_access": "wlan",
        "name": "فروشگاه کوثر (موبایل -کامپیوتر - بیمه ایران - صدور انواع بلیط)",
        "name:en": "Kosar Store",
        "phone": "+98 21 3320 7801",
        "shop": "computer"
      },
      "geometry": {
        "type": "Point",
        "coordinates": [
          51.5112353,
          35.6752354
        ]
      },
      "id": "node/4712041090"
    },
    {
      "type": "Feature",
      "properties": {
        "@id": "node/4714164691",
        "addr:street": "میدان ولی عصر عج",
        "name": "فروشگاه بِرادِرز",
        "name:en": "Brothers shop",
        "opening_hours": "Mo-Su 10:15-21:30",
        "phone": "+982188929069",
        "shop": "computer"
      },
      "geometry": {
        "type": "Point",
        "coordinates": [
          51.4073139,
          35.7109619
        ]
      },
      "id": "node/4714164691"
    },
    {
      "type": "Feature",
      "properties": {
        "@id": "node/4715979493",
        "name": "لیون کامپیوتر",
        "shop": "computer"
      },
      "geometry": {
        "type": "Point",
        "coordinates": [
          51.4060525,
          35.7085203
        ]
      },
      "id": "node/4715979493"
    },
    {
      "type": "Feature",
      "properties": {
        "@id": "node/4716998094",
        "addr:street": "شهید خوئینی",
        "email": "sarirpc1@gmail.com",
        "name": "کامپیوتر سریر",
        "name:en": "Satire Computer",
        "opening_hours": "Mo-Su 09:00-21:00",
        "phone": "+98 910 206 5878",
        "shop": "computer"
      },
      "geometry": {
        "type": "Point",
        "coordinates": [
          50.6810489,
          35.9609778
        ]
      },
      "id": "node/4716998094"
    },
    {
      "type": "Feature",
      "properties": {
        "@id": "node/4719623289",
        "addr:street": "خیام جنوبی",
        "name": "شرکت اروم رایانه سروش",
        "name:en": "Urom rayaneh soroosh co",
        "phone": "+98 44 3225 4526",
        "shop": "computer"
      },
      "geometry": {
        "type": "Point",
        "coordinates": [
          45.0724463,
          37.5402674
        ]
      },
      "id": "node/4719623289"
    },
    {
      "type": "Feature",
      "properties": {
        "@id": "node/4723831017",
        "addr:street": "خیابان طالقانی",
        "name": "لپ تاپ فروشی ستارگان",
        "operator": "ابوالحسن",
        "shop": "computer"
      },
      "geometry": {
        "type": "Point",
        "coordinates": [
          50.5158764,
          29.5654667
        ]
      },
      "id": "node/4723831017"
    },
    {
      "type": "Feature",
      "properties": {
        "@id": "node/4733450621",
        "addr:housenumber": "903",
        "addr:street": "میرداماد",
        "email": "a.jabbari@deltous.com",
        "internet_access": "wlan",
        "name": "گارانتی کندل ایران",
        "name:en": "Deltous",
        "opening_hours": "Sa-We 09:30-18:30; Th 09:30-14:00",
        "phone": "+982188665064",
        "shop": "computer",
        "website": "https://www.candelliran.com"
      },
      "geometry": {
        "type": "Point",
        "coordinates": [
          51.4111826,
          35.7627656
        ]
      },
      "id": "node/4733450621"
    },
    {
      "type": "Feature",
      "properties": {
        "@id": "node/4738822549",
        "addr:housenumber": "35",
        "addr:street": "بوعلی سینا",
        "email": "info@hpe.ir",
        "name": "هوشمند پردازش الکا",
        "name:en": "HPE",
        "phone": "+982188999005",
        "shop": "computer",
        "website": "http://hpe.ir"
      },
      "geometry": {
        "type": "Point",
        "coordinates": [
          51.4059243,
          35.7211908
        ]
      },
      "id": "node/4738822549"
    },
    {
      "type": "Feature",
      "properties": {
        "@id": "node/4739024721",
        "addr:housenumber": "01144274959",
        "addr:street": "فجر ۱",
        "name": "مرکز پخش کامپیوتر تبرستان",
        "name:en": "markaz pakhsh computer tabarestan",
        "opening_hours": "Sa-Th 00:00-24:00",
        "phone": "+98 11 4427 4959",
        "shop": "computer"
      },
      "geometry": {
        "type": "Point",
        "coordinates": [
          52.3454232,
          36.4709883
        ]
      },
      "id": "node/4739024721"
    },
    {
      "type": "Feature",
      "properties": {
        "@id": "node/4739659021",
        "addr:street": "بلوار آزادگان (غیاث آباد)",
        "internet_access": "wlan",
        "name": "مجموعه دیجیتال راینا تِک",
        "name:en": "مجموعه دیجیتال راینا تِک",
        "phone": "+98 28 3366 6204",
        "shop": "computer",
        "website": "http://www.Raynatech.ir"
      },
      "geometry": {
        "type": "Point",
        "coordinates": [
          50.0037506,
          36.293875
        ]
      },
      "id": "node/4739659021"
    },
    {
      "type": "Feature",
      "properties": {
        "@id": "node/4759029839",
        "addr:street": "بخشداری",
        "name": "مرکز خرید کامپیوتر",
        "opening_hours": "Mo-Su 08:00-21:00",
        "shop": "computer"
      },
      "geometry": {
        "type": "Point",
        "coordinates": [
          51.0793668,
          35.4808069
        ]
      },
      "id": "node/4759029839"
    },
    {
      "type": "Feature",
      "properties": {
        "@id": "node/4765251823",
        "addr:street": "سرآسیاب",
        "internet_access": "wlan",
        "name": "پارس وی ۲۰۲۰",
        "name:en": "ParsWay 2020",
        "phone": "+98 914 223 3363",
        "shop": "computer"
      },
      "geometry": {
        "type": "Point",
        "coordinates": [
          47.710476,
          37.4229417
        ]
      },
      "id": "node/4765251823"
    },
    {
      "type": "Feature",
      "properties": {
        "@id": "node/4769354834",
        "name": "خدمات کامپیوتر",
        "shop": "computer"
      },
      "geometry": {
        "type": "Point",
        "coordinates": [
          51.2460269,
          35.7261086
        ]
      },
      "id": "node/4769354834"
    },
    {
      "type": "Feature",
      "properties": {
        "@id": "node/4770619226",
        "addr:street": "شیخ شهاب الدین",
        "email": "ahardotnet@gmail.com",
        "internet_access": "wlan",
        "name": "کامپیوتر دات نت",
        "name:en": "Dotnet computer",
        "opening_hours": "Sa-Th 10:05-20:30",
        "phone": "+98 919 222 6903",
        "shop": "computer"
      },
      "geometry": {
        "type": "Point",
        "coordinates": [
          47.0641779,
          38.4731486
        ]
      },
      "id": "node/4770619226"
    },
    {
      "type": "Feature",
      "properties": {
        "@id": "node/4775193821",
        "addr:housenumber": "18",
        "addr:street": "سپهر",
        "email": "m.javadiha@gmail.com",
        "name": "خانه دیجیتال",
        "name:en": "Digihome",
        "opening_hours": "24/7",
        "phone": "+982833321723",
        "shop": "computer",
        "website": "http://www.digihome.ir"
      },
      "geometry": {
        "type": "Point",
        "coordinates": [
          50.0168111,
          36.2792095
        ]
      },
      "id": "node/4775193821"
    },
    {
      "type": "Feature",
      "properties": {
        "@id": "node/4777658829",
        "addr:street": "مجمر",
        "name": "کامپیوتر جوان",
        "shop": "computer"
      },
      "geometry": {
        "type": "Point",
        "coordinates": [
          51.6774977,
          32.640962
        ]
      },
      "id": "node/4777658829"
    },
    {
      "type": "Feature",
      "properties": {
        "@id": "node/4778116705",
        "name": "ترنج کامپیوتر",
        "name:en": "Toranj computer",
        "shop": "computer"
      },
      "geometry": {
        "type": "Point",
        "coordinates": [
          51.6996438,
          32.6559958
        ]
      },
      "id": "node/4778116705"
    },
    {
      "type": "Feature",
      "properties": {
        "@id": "node/4780469840",
        "name": "کامپیوتر غلامی",
        "name:en": "Gholami computer store",
        "shop": "computer"
      },
      "geometry": {
        "type": "Point",
        "coordinates": [
          59.6315293,
          36.3393811
        ]
      },
      "id": "node/4780469840"
    },
    {
      "type": "Feature",
      "properties": {
        "@id": "node/4780470627",
        "shop": "computer"
      },
      "geometry": {
        "type": "Point",
        "coordinates": [
          59.6313687,
          36.3392257
        ]
      },
      "id": "node/4780470627"
    },
    {
      "type": "Feature",
      "properties": {
        "@id": "node/4788805522",
        "name": "بازار بزرگ",
        "shop": "computer"
      },
      "geometry": {
        "type": "Point",
        "coordinates": [
          48.683864,
          31.3211503
        ]
      },
      "id": "node/4788805522"
    },
    {
      "type": "Feature",
      "properties": {
        "@id": "node/4789238421",
        "addr:housenumber": "9",
        "addr:street": "داوود حبیب‌ زادگان",
        "email": "PooyaCom.ir@gmail.com",
        "name": "پویاکام",
        "name:en": "PooyaCom",
        "opening_hours": "Mo-Su 09:00-18:00",
        "shop": "computer",
        "website": "http://PooyaCom.ir"
      },
      "geometry": {
        "type": "Point",
        "coordinates": [
          51.3543419,
          35.7042944
        ]
      },
      "id": "node/4789238421"
    },
    {
      "type": "Feature",
      "properties": {
        "@id": "node/4795251522",
        "name": "گارانتی آواژنگ",
        "shop": "computer"
      },
      "geometry": {
        "type": "Point",
        "coordinates": [
          46.2916834,
          38.074222
        ]
      },
      "id": "node/4795251522"
    },
    {
      "type": "Feature",
      "properties": {
        "@id": "node/4803036021",
        "name": "گلد تگ",
        "name:en": "Gold Tag",
        "opening_hours": "Sa-Th 08:30-16:30",
        "phone": "+98 21 2641 4047",
        "shop": "computer",
        "website": "http://www.goldtag.com"
      },
      "geometry": {
        "type": "Point",
        "coordinates": [
          51.4471311,
          35.7523769
        ]
      },
      "id": "node/4803036021"
    },
    {
      "type": "Feature",
      "properties": {
        "@id": "node/4808212421",
        "name": "فناپ",
        "name:en": "Fanap Platform",
        "shop": "computer",
        "source:name": "map.ir"
      },
      "geometry": {
        "type": "Point",
        "coordinates": [
          51.3528749,
          35.7333516
        ]
      },
      "id": "node/4808212421"
    },
    {
      "type": "Feature",
      "properties": {
        "@id": "node/4809030121",
        "addr:housenumber": "380",
        "addr:postcode": "91781-43898",
        "addr:street": "هاشمیه",
        "email": "milad.20.11.66@gmail.com",
        "name": "خدمات فنی کامپوتر - سپید تراشه",
        "opening_hours": "Mo-Su 09:00-22:00",
        "phone": "+98 51 3884 3817",
        "shop": "computer"
      },
      "geometry": {
        "type": "Point",
        "coordinates": [
          59.5015794,
          36.3084869
        ]
      },
      "id": "node/4809030121"
    },
    {
      "type": "Feature",
      "properties": {
        "@id": "node/4810053621",
        "addr:city": "مشهد",
        "addr:housenumber": "سجادیه 6 مجتمع سجاد بولک 2 طبقه اول واحد 4",
        "addr:postcode": "9184354779",
        "addr:street": "سجادیه ۶",
        "email": "Iraniangreenconnection.inc@gmail.com",
        "internet_access": "wlan",
        "name": "شرکت کامپیوتری اتصال سبز ایرانیان",
        "name:fa": "Iranian Green Connection INC. (IGC)",
        "opening_hours": "24/7",
        "operator": "Zahabi",
        "payment:cash": "yes",
        "phone": "+98 51 3513 2809",
        "shop": "computer"
      },
      "geometry": {
        "type": "Point",
        "coordinates": [
          59.4636718,
          36.3644718
        ]
      },
      "id": "node/4810053621"
    },
    {
      "type": "Feature",
      "properties": {
        "@id": "node/4819936529",
        "addr:city": "تهران",
        "addr:housenumber": "24",
        "addr:street": "بالاتر از زرتشت، کوچه جاوید، پلاک 24",
        "fixme": "اینجا، فروشگاه سخت‌افزار رایانه است نه ابزار. بررسی شود که برچسب مناسب چیست.",
        "internet_access": "wlan",
        "name": "لیون کامپیوتر",
        "name:en": "Lioncomputer",
        "opening_hours": "Sa-Th 09:30-19:00",
        "payment:cash": "yes",
        "payment:credit_cards": "yes",
        "payment:cryptocurrencies": "yes",
        "payment:debit_cards": "yes",
        "phone": "+982191005666",
        "shop": "computer",
        "website": "https://www.lioncomputer.com"
      },
      "geometry": {
        "type": "Point",
        "coordinates": [
          51.4085507,
          35.7186837
        ]
      },
      "id": "node/4819936529"
    },
    {
      "type": "Feature",
      "properties": {
        "@id": "node/4823744330",
        "email": "ghasedakstore@outlook.com",
        "internet_access": "wlan",
        "name": "قاصدک",
        "name:en": "Ghasedak Store",
        "name:fa": "فروشگاه قاصدک",
        "opening_hours": "Sa-Th 10:00-13:30, 17:30-22:30; Fr 18:00-22:00",
        "phone": "+982833349323",
        "shop": "computer",
        "website": "http://ghasedakshop.ir"
      },
      "geometry": {
        "type": "Point",
        "coordinates": [
          50.0107439,
          36.2857065
        ]
      },
      "id": "node/4823744330"
    },
    {
      "type": "Feature",
      "properties": {
        "@id": "node/4837378021",
        "addr:street": "خیابان امام",
        "name": "اریا نوین سیستم",
        "name:en": "Arya Novin System",
        "opening_hours": "24/7",
        "phone": "32243966",
        "shop": "computer"
      },
      "geometry": {
        "type": "Point",
        "coordinates": [
          45.0695897,
          37.5482013
        ]
      },
      "id": "node/4837378021"
    },
    {
      "type": "Feature",
      "properties": {
        "@id": "node/4839087123",
        "name": "کامپیوتر ایلیا",
        "shop": "computer"
      },
      "geometry": {
        "type": "Point",
        "coordinates": [
          50.8135089,
          35.7272056
        ]
      },
      "id": "node/4839087123"
    },
    {
      "type": "Feature",
      "properties": {
        "@id": "node/4839148922",
        "addr:housenumber": "09199919978",
        "addr:street": "فرهنگ",
        "email": "network.rira@gmail.com",
        "internet_access": "wlan",
        "name": "ری را",
        "opening_hours": "Mo-Su 09:00-22:00",
        "phone": "+98 919 991 9978",
        "shop": "computer"
      },
      "geometry": {
        "type": "Point",
        "coordinates": [
          53.0693357,
          36.5658368
        ]
      },
      "id": "node/4839148922"
    },
    {
      "type": "Feature",
      "properties": {
        "@id": "node/4842412821",
        "addr:street": "بولوار صادقی",
        "email": "info@balckapple.me",
        "internet_access": "wlan",
        "name": "فروشگاه بلک اپل",
        "name:en": "Black Apple Store",
        "opening_hours": "Sa-Th 10:00-22:00",
        "phone": "+98 51 3725 3415",
        "shop": "computer",
        "website": "http://www.blackapple.me"
      },
      "geometry": {
        "type": "Point",
        "coordinates": [
          59.5755197,
          36.3133042
        ]
      },
      "id": "node/4842412821"
    },
    {
      "type": "Feature",
      "properties": {
        "@id": "node/4844501322",
        "addr:housenumber": "2",
        "addr:postcode": "0343",
        "addr:street": "کرمان ـبلوار هوانیروز ـ بلوار ولیعصر نرسیده به چهارراه سمت چپ",
        "email": "e.khaleghi67@gmail.com",
        "name": "خدمات کامپیوتر۱۲۱",
        "name:ar": "خدمات کامپیوتر۱۲۱",
        "name:en": "khadamat computer121",
        "opening_hours": "24/7",
        "phone": "+98 903 703 8553",
        "shop": "computer",
        "website": "http://www.pc121.lxb.ir"
      },
      "geometry": {
        "type": "Point",
        "coordinates": [
          56.991425,
          30.2827937
        ]
      },
      "id": "node/4844501322"
    },
    {
      "type": "Feature",
      "properties": {
        "@id": "node/4854493421",
        "addr:street": "ستارخان",
        "name": "بازار سنتی ستارخان",
        "name:en": "Sattarkhan bazar",
        "shop": "computer"
      },
      "geometry": {
        "type": "Point",
        "coordinates": [
          51.3511522,
          35.7213772
        ]
      },
      "id": "node/4854493421"
    },
    {
      "type": "Feature",
      "properties": {
        "@id": "node/4861217921",
        "addr:street": "سلمان فارسی",
        "email": "info@applepro.ir",
        "internet_access": "wlan",
        "name": "اپل پرو استور",
        "name:en": "Apple Pro Store",
        "opening_hours": "Sa-Th 10:00-14:00, 17:00-22:00",
        "phone": "+985138414543",
        "shop": "computer",
        "website": "http://applepro.ir/"
      },
      "geometry": {
        "type": "Point",
        "coordinates": [
          59.5718271,
          36.3037798
        ]
      },
      "id": "node/4861217921"
    },
    {
      "type": "Feature",
      "properties": {
        "@id": "node/4873875962",
        "description": "نماینده سامسونگ ونماینده فراسو",
        "name": "مرکز کامپیوتر پردازشگر البرز",
        "shop": "computer"
      },
      "geometry": {
        "type": "Point",
        "coordinates": [
          50.063911,
          36.1862456
        ]
      },
      "id": "node/4873875962"
    },
    {
      "type": "Feature",
      "properties": {
        "@id": "node/4890749521",
        "addr:street": "امام",
        "internet_access": "wlan",
        "name": "خدمات کامپیوتری نوین",
        "phone": "+98 41 444 63283",
        "shop": "computer"
      },
      "geometry": {
        "type": "Point",
        "coordinates": [
          47.3159916,
          39.0442118
        ]
      },
      "id": "node/4890749521"
    },
    {
      "type": "Feature",
      "properties": {
        "@id": "node/4895542321",
        "addr:city": "نیشابور",
        "addr:street": "هفده شهریور ۱۵",
        "contact:telegram": "PardazPC",
        "email": "pardazpc@gmail.com",
        "name": "پرداز رایانه",
        "name:en": "Pardaz Rayaneh",
        "opening_hours": "Sa-Th 09:30-13:30, 16:30-21:00",
        "phone": "+985143359911",
        "shop": "computer"
      },
      "geometry": {
        "type": "Point",
        "coordinates": [
          58.7936828,
          36.2214127
        ]
      },
      "id": "node/4895542321"
    },
    {
      "type": "Feature",
      "properties": {
        "@id": "node/4934959321",
        "addr:street": "شریعتی",
        "email": "prd.corp@gmail.com",
        "name": "شرکت مهندسی مثلث سرخ پارس",
        "name:en": "PRD Co",
        "opening_hours": "Sa-Th 09:00-16:00",
        "phone": "+988634029100",
        "shop": "computer",
        "website": "http://www.prd.ir"
      },
      "geometry": {
        "type": "Point",
        "coordinates": [
          49.6790129,
          34.0775106
        ]
      },
      "id": "node/4934959321"
    },
    {
      "type": "Feature",
      "properties": {
        "@id": "node/4965167522",
        "addr:housenumber": "10",
        "addr:street": "دکتر مفتح",
        "contact:email": "sale@hpsupport.ir",
        "contact:phone": "+982188521040",
        "internet_access": "wlan",
        "name": "مرکز فروش و خدمات اچ پی",
        "name:en": "hp support",
        "opening_hours": "Sa-We 08:30-18:00; Th 09:30-15:30",
        "shop": "computer",
        "website": "https://www.hpsupport.ir/"
      },
      "geometry": {
        "type": "Point",
        "coordinates": [
          51.4262268,
          35.7279394
        ]
      },
      "id": "node/4965167522"
    },
    {
      "type": "Feature",
      "properties": {
        "@id": "node/4971811222",
        "addr:street": "imam Khomeini",
        "internet_access": "wlan",
        "name": "موبایل و کامپیوتر سناتور",
        "name:en": "mobile and pc center",
        "opening_hours": "Sa-Th 09:00-21:00",
        "phone": "+98 54 3714 3085",
        "shop": "computer",
        "website": "https://t.me/senatormobile0711"
      },
      "geometry": {
        "type": "Point",
        "coordinates": [
          61.3989875,
          26.2381827
        ]
      },
      "id": "node/4971811222"
    },
    {
      "type": "Feature",
      "properties": {
        "@id": "node/4984329424",
        "name": "مرکز کامپیوتر روز",
        "name:en": "Markaz computer rooz",
        "shop": "computer"
      },
      "geometry": {
        "type": "Point",
        "coordinates": [
          52.324044,
          27.8301426
        ]
      },
      "id": "node/4984329424"
    },
    {
      "type": "Feature",
      "properties": {
        "@id": "node/4988054921",
        "addr:housenumber": "30",
        "addr:postcode": "89138136",
        "addr:street": "طالقانی",
        "email": "setak.sepehr@yahoo.com",
        "internet_access": "wlan",
        "name": "کامپیوتر ستاک",
        "name:en": "Setak computer",
        "opening_hours": "24/7",
        "phone": "+983536228393",
        "shop": "computer",
        "website": "https://parstahghigh.ir/"
      },
      "geometry": {
        "type": "Point",
        "coordinates": [
          54.3564589,
          31.8853297
        ]
      },
      "id": "node/4988054921"
    },
    {
      "type": "Feature",
      "properties": {
        "@id": "node/4992383821",
        "addr:housenumber": "4",
        "addr:street": "طالقانی",
        "email": "info@spstore.ir",
        "internet_access": "wlan",
        "name": "فروشگاه شبکه پرداز",
        "name:en": "Shabakeh Pardaz Store",
        "opening_hours": "Mo-Su 08:45-21:00",
        "phone": "+98 31 3233 4000",
        "shop": "computer",
        "website": "https://spstore.ir"
      },
      "geometry": {
        "type": "Point",
        "coordinates": [
          51.6541617,
          32.6582253
        ]
      },
      "id": "node/4992383821"
    },
    {
      "type": "Feature",
      "properties": {
        "@id": "node/5006426122",
        "addr:street": "جاده اختصاصی تله کابین صفه",
        "email": "info@irikco.com",
        "internet_access": "wlan",
        "name": "شرکت ایریک",
        "name:en": "Irik Company",
        "opening_hours": "Sa-Th 08:30-17:30",
        "phone": "+98 31 3675 9028",
        "shop": "computer",
        "website": "https://www.irikco.com/"
      },
      "geometry": {
        "type": "Point",
        "coordinates": [
          51.6555034,
          32.5892161
        ]
      },
      "id": "node/5006426122"
    },
    {
      "type": "Feature",
      "properties": {
        "@id": "node/5021592924",
        "addr:street": "میدان ولی‌عصر ع",
        "email": "doctorcomputershojaei@gmail.com",
        "name": "دکتر کامپیوتر",
        "name:en": "Doctor computer",
        "opening_hours": "Mo-Su 10:00-20:00",
        "phone": "+98 21 8892 9012",
        "shop": "computer"
      },
      "geometry": {
        "type": "Point",
        "coordinates": [
          51.4072743,
          35.7108477
        ]
      },
      "id": "node/5021592924"
    },
    {
      "type": "Feature",
      "properties": {
        "@id": "node/5030372927",
        "addr:housenumber": "09132625026",
        "addr:postcode": "87661 37751",
        "email": "badroodnews@gmail.com",
        "name": "خدمات کامپیوتری بادرود نیوز",
        "shop": "computer"
      },
      "geometry": {
        "type": "Point",
        "coordinates": [
          52.0078009,
          33.6905703
        ]
      },
      "id": "node/5030372927"
    },
    {
      "type": "Feature",
      "properties": {
        "@id": "node/5033064021",
        "addr:city": "ارومیه",
        "addr:street": "پاساژ فیلیپس",
        "name": "مرکز ماشین هاى ادارى",
        "name:en": "printer and fax store",
        "opening_hours": "Mo-Su 09:00-21:00",
        "shop": "computer"
      },
      "geometry": {
        "type": "Point",
        "coordinates": [
          45.0694328,
          37.5479253
        ]
      },
      "id": "node/5033064021"
    },
    {
      "type": "Feature",
      "properties": {
        "@id": "node/5033076227",
        "addr:street": "پاساژ فیلیپس",
        "name": "مرکز گسترش ماشین هاى ادارى مادین",
        "name:en": "Madin Fax & Printer Store",
        "opening_hours": "Sa-Th 09:00-21:00",
        "phone": "+98 44 3222 7871",
        "shop": "computer"
      },
      "geometry": {
        "type": "Point",
        "coordinates": [
          45.0695329,
          37.5478191
        ]
      },
      "id": "node/5033076227"
    },
    {
      "type": "Feature",
      "properties": {
        "@id": "node/5036648495",
        "name": "ایلیا سیستم کبود",
        "shop": "computer"
      },
      "geometry": {
        "type": "Point",
        "coordinates": [
          46.3018824,
          38.073309
        ]
      },
      "id": "node/5036648495"
    },
    {
      "type": "Feature",
      "properties": {
        "@id": "node/5040657523",
        "addr:housenumber": "115",
        "addr:street": "بزرگراه فتح",
        "email": "ihdelevator@gmail.com",
        "name": "فروشگاه آسانسور دینا",
        "name:en": "Dina Asansor shoping",
        "opening_hours": "Sa-We 09:00-19:00; Th 09:00-14:00",
        "phone": "+982166286217",
        "shop": "computer",
        "website": "http://www.ihdelevator.com"
      },
      "geometry": {
        "type": "Point",
        "coordinates": [
          51.3207206,
          35.6752654
        ]
      },
      "id": "node/5040657523"
    },
    {
      "type": "Feature",
      "properties": {
        "@id": "node/5050046521",
        "addr:postcode": "169",
        "addr:street": "شادالویی",
        "name": "کامپیوتر کارآمد",
        "name:en": "karamad pc",
        "opening_hours": "Mo-Su 08:00-23:00",
        "phone": "+982177324854",
        "shop": "computer",
        "website": "https://telegram.me/karamad_pc",
        "wheelchair": "yes"
      },
      "geometry": {
        "type": "Point",
        "coordinates": [
          51.5449773,
          35.7413821
        ]
      },
      "id": "node/5050046521"
    },
    {
      "type": "Feature",
      "properties": {
        "@id": "node/5068208521",
        "addr:street": "بلوار رجایی (رشتیان)",
        "email": "click.computer.rasht@gmail.com",
        "name": "خدمات کامپیوتر کلیک",
        "name:en": "Click Computer",
        "opening_hours": "Sa-Th 09:00-21:30",
        "phone": "+98 990 128 6757",
        "shop": "computer",
        "website": "http://shop.fardabazar.ir"
      },
      "geometry": {
        "type": "Point",
        "coordinates": [
          49.5635132,
          37.2842975
        ]
      },
      "id": "node/5068208521"
    },
    {
      "type": "Feature",
      "properties": {
        "@id": "node/5075584053",
        "name": "مرکز کامپیوتر وحید",
        "name:en": "Vahid Computer Center",
        "shop": "computer"
      },
      "geometry": {
        "type": "Point",
        "coordinates": [
          51.4860964,
          35.7316413
        ]
      },
      "id": "node/5075584053"
    },
    {
      "type": "Feature",
      "properties": {
        "@id": "node/5075919023",
        "addr:city": "فولادشهر",
        "addr:housenumber": "79",
        "addr:street": "ولی عصر",
        "email": "sccpcrepair@hotmail.com",
        "name": "مرکز کامپیوتر شایان",
        "name:en": "Shayan Computer center",
        "opening_hours": "Mo-Su 09:00-21:30",
        "phone": "+98 31 5263 9711",
        "shop": "computer"
      },
      "geometry": {
        "type": "Point",
        "coordinates": [
          51.3916531,
          32.4863538
        ]
      },
      "id": "node/5075919023"
    },
    {
      "type": "Feature",
      "properties": {
        "@id": "node/5094551121",
        "addr:street": "میدان فرهنگ",
        "internet_access": "wlan",
        "name": "کامپیوتر موبایل کارشناسان.علمداری",
        "name:en": "computer karshenasan",
        "opening_hours": "24/7",
        "phone": "+98 45 3373 0067",
        "shop": "computer",
        "website": "http://pc-karshenasan.ir"
      },
      "geometry": {
        "type": "Point",
        "coordinates": [
          48.2599598,
          38.226455
        ]
      },
      "id": "node/5094551121"
    },
    {
      "type": "Feature",
      "properties": {
        "@id": "node/5104692824",
        "name": "تعمیرات کامپیوتر",
        "shop": "computer"
      },
      "geometry": {
        "type": "Point",
        "coordinates": [
          58.795838,
          36.220575
        ]
      },
      "id": "node/5104692824"
    },
    {
      "type": "Feature",
      "properties": {
        "@id": "node/5121512024",
        "addr:street": "بلوار مطهری",
        "name": "نوین سیستم بندر",
        "shop": "computer"
      },
      "geometry": {
        "type": "Point",
        "coordinates": [
          49.4345886,
          37.4789361
        ]
      },
      "id": "node/5121512024"
    },
    {
      "type": "Feature",
      "properties": {
        "@id": "node/5122439327",
        "name": "نوین رایانه",
        "shop": "computer"
      },
      "geometry": {
        "type": "Point",
        "coordinates": [
          51.5820048,
          32.666882
        ]
      },
      "id": "node/5122439327"
    },
    {
      "type": "Feature",
      "properties": {
        "@id": "node/5127916224",
        "addr:street": "گلسار",
        "name": "مرکز کامپیوتر گلسار",
        "name:en": "Golsar Computer",
        "shop": "computer"
      },
      "geometry": {
        "type": "Point",
        "coordinates": [
          49.5906513,
          37.292377
        ]
      },
      "id": "node/5127916224"
    },
    {
      "type": "Feature",
      "properties": {
        "@id": "node/5130213218",
        "name": "سامان کامپیوتر",
        "name:en": "Saman Computer",
        "shop": "computer"
      },
      "geometry": {
        "type": "Point",
        "coordinates": [
          48.4725689,
          36.6856166
        ]
      },
      "id": "node/5130213218"
    },
    {
      "type": "Feature",
      "properties": {
        "@id": "node/5143067721",
        "addr:city": "چهارفریضه",
        "addr:street": "شهید مظلوم",
        "name": "کامپیوتری فرهاد مولایی",
        "shop": "computer"
      },
      "geometry": {
        "type": "Point",
        "coordinates": [
          49.4542832,
          37.4760882
        ]
      },
      "id": "node/5143067721"
    },
    {
      "type": "Feature",
      "properties": {
        "@id": "node/5166877321",
        "name": "فروش کامپوتر پردازش نور",
        "operator": "امین گزستانی",
        "phone": "+98 34 3244 0286;+98 34 3245 5519;+98 34 3244 0172",
        "shop": "computer"
      },
      "geometry": {
        "type": "Point",
        "coordinates": [
          57.060127,
          30.2891016
        ]
      },
      "id": "node/5166877321"
    },
    {
      "type": "Feature",
      "properties": {
        "@id": "node/5166877943",
        "name": "مجتمع کامپیوتر یک دو سه",
        "name:fa": "مجتمع کامپیوتر یک دو سه",
        "phone": "32477123",
        "shop": "computer"
      },
      "geometry": {
        "type": "Point",
        "coordinates": [
          57.0589248,
          30.2891826
        ]
      },
      "id": "node/5166877943"
    },
    {
      "type": "Feature",
      "properties": {
        "@id": "node/5167459921",
        "addr:street": "خیابان طالقانی",
        "name": "فروشگاه لوازم کامپیوتر",
        "shop": "computer"
      },
      "geometry": {
        "type": "Point",
        "coordinates": [
          49.482157,
          37.4653678
        ]
      },
      "id": "node/5167459921"
    },
    {
      "type": "Feature",
      "properties": {
        "@id": "node/5169207929",
        "addr:street": "جاده شهدای شمالی",
        "name": "لوازم کامپیوتروتبلت فروشی",
        "shop": "computer"
      },
      "geometry": {
        "type": "Point",
        "coordinates": [
          49.4454127,
          37.4782805
        ]
      },
      "id": "node/5169207929"
    },
    {
      "type": "Feature",
      "properties": {
        "@id": "node/5170766922",
        "addr:housenumber": "16",
        "addr:street": "گلستان ۲۸",
        "email": "bahramsam2005@gmail.com",
        "internet_access": "wlan",
        "name": "خدمات کامپیوتری سام سافت",
        "name:en": "Samsoft Computer Services",
        "opening_hours": "Mo-Su 09:00-21:00",
        "phone": "+98 26 3665 0176",
        "shop": "computer",
        "website": "http://sabanet110.ir"
      },
      "geometry": {
        "type": "Point",
        "coordinates": [
          50.9967372,
          35.750832
        ]
      },
      "id": "node/5170766922"
    },
    {
      "type": "Feature",
      "properties": {
        "@id": "node/5177897423",
        "addr:city": "چهارفریضه",
        "addr:street": "مطهری",
        "name": "مرکز لپ تاپ زیرو",
        "name:en": "ziro",
        "phone": "+98 13 4455 6066",
        "shop": "computer"
      },
      "geometry": {
        "type": "Point",
        "coordinates": [
          49.4453461,
          37.4764121
        ]
      },
      "id": "node/5177897423"
    },
    {
      "type": "Feature",
      "properties": {
        "@id": "node/5179274326",
        "addr:street": "خیابان جواد الائمه ع",
        "name": "رایان کار",
        "name:en": "Raya Kar",
        "phone": "+98 912 552 6511",
        "shop": "computer"
      },
      "geometry": {
        "type": "Point",
        "coordinates": [
          50.8594873,
          34.6399758
        ]
      },
      "id": "node/5179274326"
    },
    {
      "type": "Feature",
      "properties": {
        "@id": "node/5181448322",
        "addr:city": "چهارفریضه",
        "addr:street": "بهرام صفت",
        "name": "کامپیوتری مصطفی",
        "shop": "computer"
      },
      "geometry": {
        "type": "Point",
        "coordinates": [
          49.4532589,
          37.4739618
        ]
      },
      "id": "node/5181448322"
    },
    {
      "type": "Feature",
      "properties": {
        "@id": "node/5182048921",
        "addr:street": "شهید رحمتی",
        "name": "فاوا سیستم",
        "shop": "computer"
      },
      "geometry": {
        "type": "Point",
        "coordinates": [
          49.446923,
          37.4770635
        ]
      },
      "id": "node/5182048921"
    },
    {
      "type": "Feature",
      "properties": {
        "@id": "node/5182343422",
        "name": "کافی نت",
        "name:en": "Caffe net",
        "shop": "computer"
      },
      "geometry": {
        "type": "Point",
        "coordinates": [
          45.9775571,
          37.1243594
        ]
      },
      "id": "node/5182343422"
    },
    {
      "type": "Feature",
      "properties": {
        "@id": "node/5183997795",
        "addr:city": "tehran",
        "addr:housenumber": "181",
        "addr:street": "سید جمال‌الدین اسدآبادی",
        "email": "smallappstore@gmail.com",
        "fax": "+982188728345",
        "name": "اپل استور کوچک",
        "name:en": "Small Apple Store",
        "opening_hours": "10:00-22:00",
        "operator": "علی کوچکی",
        "phone": "+982188704355",
        "shop": "computer"
      },
      "geometry": {
        "type": "Point",
        "coordinates": [
          51.4070717,
          35.7293562
        ]
      },
      "id": "node/5183997795"
    },
    {
      "type": "Feature",
      "properties": {
        "@id": "node/5188004921",
        "addr:city": "چهارفریضه",
        "addr:street": "ناصر خسرو",
        "name": "مرکز موبایل وکامپیوتر",
        "shop": "computer"
      },
      "geometry": {
        "type": "Point",
        "coordinates": [
          49.4536905,
          37.4752944
        ]
      },
      "id": "node/5188004921"
    },
    {
      "type": "Feature",
      "properties": {
        "@id": "node/5191400821",
        "addr:street": "بلوار بلال",
        "name": "بازار کامپیوتر کیش",
        "shop": "computer"
      },
      "geometry": {
        "type": "Point",
        "coordinates": [
          50.9872643,
          35.8122632
        ]
      },
      "id": "node/5191400821"
    },
    {
      "type": "Feature",
      "properties": {
        "@id": "node/5201056421",
        "addr:housenumber": "73",
        "addr:postcode": "33551177",
        "addr:street": "مهر",
        "email": "Soft4@Yahoo.com",
        "internet_access": "wlan",
        "name": "آموزشگاه برنامه نویسی و هک ، استاد بزرگ مهرداد غریبی",
        "name:en": "Store PC, Labtop, Learn Hack and Programming by God Hacker Mehrdad Gharibi",
        "opening_hours": "Sa-We 11:00-02:00",
        "phone": "+989109809100",
        "shop": "computer",
        "website": "http://Soft4.iR"
      },
      "geometry": {
        "type": "Point",
        "coordinates": [
          51.0245735,
          35.6041586
        ]
      },
      "id": "node/5201056421"
    },
    {
      "type": "Feature",
      "properties": {
        "@id": "node/5206209932",
        "addr:street": "باهنر",
        "name": "بانک نرم افزار CD۲۰۰۲",
        "name:en": "CD2002 SoftWare Group",
        "phone": "+98 35 3725 7026",
        "shop": "computer"
      },
      "geometry": {
        "type": "Point",
        "coordinates": [
          54.3449605,
          31.8846994
        ]
      },
      "id": "node/5206209932"
    },
    {
      "type": "Feature",
      "properties": {
        "@id": "node/5207793716",
        "name": "اپل استور",
        "shop": "computer"
      },
      "geometry": {
        "type": "Point",
        "coordinates": [
          50.9810424,
          35.8351117
        ]
      },
      "id": "node/5207793716"
    },
    {
      "type": "Feature",
      "properties": {
        "@id": "node/5207867121",
        "internet_access": "wlan",
        "name": "داده پرداز کیمیا",
        "name:en": "DPK",
        "opening_hours": "Sa-We 08:00-19:30; Th 08:00-14:00",
        "phone": "33324000",
        "shop": "computer",
        "website": "http://dpk.co.ir"
      },
      "geometry": {
        "type": "Point",
        "coordinates": [
          53.0667349,
          36.5614002
        ]
      },
      "id": "node/5207867121"
    },
    {
      "type": "Feature",
      "properties": {
        "@id": "node/5236375221",
        "addr:postcode": "81969",
        "addr:street": "آزادی",
        "name": "کامپیوتر طلوع نور",
        "name:en": "Toluenoor computer",
        "phone": "+98 31 3452 5009",
        "shop": "computer"
      },
      "geometry": {
        "type": "Point",
        "coordinates": [
          51.6763407,
          32.7204597
        ]
      },
      "id": "node/5236375221"
    },
    {
      "type": "Feature",
      "properties": {
        "@id": "node/5239075129",
        "addr:city": "چهارفریضه",
        "addr:street": "Pishvaa'E",
        "name": "نوت بوک آریا",
        "shop": "computer"
      },
      "geometry": {
        "type": "Point",
        "coordinates": [
          49.4594603,
          37.4744835
        ]
      },
      "id": "node/5239075129"
    },
    {
      "type": "Feature",
      "properties": {
        "@id": "node/5242435421",
        "addr:city": "چهارفریضه",
        "addr:street": "مطهری",
        "name": "پرشین رایانه",
        "name:en": "Pershian Rayaneh",
        "shop": "computer"
      },
      "geometry": {
        "type": "Point",
        "coordinates": [
          49.457755,
          37.4737059
        ]
      },
      "id": "node/5242435421"
    },
    {
      "type": "Feature",
      "properties": {
        "@id": "node/5262561153",
        "addr:street": "هدایت شرقی",
        "name": "اموزشگاه کامپیوتر پاسکال",
        "shop": "computer"
      },
      "geometry": {
        "type": "Point",
        "coordinates": [
          52.526072,
          29.6228711
        ]
      },
      "id": "node/5262561153"
    },
    {
      "type": "Feature",
      "properties": {
        "@id": "node/5264640321",
        "addr:street": "سربازان گمنام",
        "email": "asoshno@gmail.com",
        "internet_access": "wlan",
        "name": "فروشگاه کامپیوتر آسو شنو",
        "name:en": "Center lop top & computers Asoshno",
        "phone": "+98 914 342 1641",
        "shop": "computer"
      },
      "geometry": {
        "type": "Point",
        "coordinates": [
          45.0943663,
          37.0405521
        ]
      },
      "id": "node/5264640321"
    },
    {
      "type": "Feature",
      "properties": {
        "@id": "node/5267862403",
        "addr:city": "چهارفریضه",
        "addr:street": "قاآنی",
        "name": "کامپیوتر وموبایل پلاس",
        "shop": "computer"
      },
      "geometry": {
        "type": "Point",
        "coordinates": [
          49.4598938,
          37.4738436
        ]
      },
      "id": "node/5267862403"
    },
    {
      "type": "Feature",
      "properties": {
        "@id": "node/5273196193",
        "addr:city": "قم",
        "addr:housenumber": "طبقه بالای قنادی شیرینک",
        "addr:street": "بلوار شهیدان تقوی",
        "addr:unit": "پردیسان",
        "description": "مرکز خدمات کامپیوتری و الکترونیک",
        "name": "خانه سخت افزار",
        "note": "تعمیرات تخصصی کامپیوتر+لپ تاپ+تبلت لپ تاپ) آموزش تخصصی تعمیرات+PC)(تبلت+موبایل) نرم افزار (نصب سیستم عامل+نرم افزارهای متفرقه و",
        "opening_hours": "Sa-Th 09:00-21:00; Fr 15:00-21:00",
        "phone": "+98 25 3250 9659",
        "shop": "computer"
      },
      "geometry": {
        "type": "Point",
        "coordinates": [
          50.8181586,
          34.5602845
        ]
      },
      "id": "node/5273196193"
    },
    {
      "type": "Feature",
      "properties": {
        "@id": "node/5290354622",
        "addr:street": "گلستان چهارم",
        "name": "کامپیوتر",
        "name:en": "Computer",
        "opening_hours": "Mo-Su 09:00-20:00",
        "shop": "computer"
      },
      "geometry": {
        "type": "Point",
        "coordinates": [
          51.7341048,
          32.6055484
        ]
      },
      "id": "node/5290354622"
    },
    {
      "type": "Feature",
      "properties": {
        "@id": "node/5290955622",
        "addr:street": "خیابان سراسیاب",
        "email": "infont2001@gmail.com",
        "name": "فروشگاه اِلکامپ",
        "name:en": "Elecomp Nayeri",
        "name:fa": "فروشگاه اینترنت نیری",
        "opening_hours": "Mo-Su 08:30-21:00",
        "operator": "نیری",
        "phone": "+984152220730",
        "shop": "computer",
        "website": "https://elecompin.com"
      },
      "geometry": {
        "type": "Point",
        "coordinates": [
          47.7103715,
          37.4238984
        ]
      },
      "id": "node/5290955622"
    },
    {
      "type": "Feature",
      "properties": {
        "@id": "node/5329505625",
        "addr:housenumber": "115",
        "addr:street": "شهید علیپور",
        "internet_access": "wlan",
        "name": "شرکت بازرگانی زاگرس تجارت قرن",
        "name:en": "Zagros Business Century",
        "opening_hours": "Mo-Su 09:00-19:00",
        "phone": "+98 913 010 0936",
        "shop": "computer",
        "website": "https://t.me/zagroscom"
      },
      "geometry": {
        "type": "Point",
        "coordinates": [
          45.4839759,
          36.147752
        ]
      },
      "id": "node/5329505625"
    },
    {
      "type": "Feature",
      "properties": {
        "@id": "node/5333724121",
        "addr:street": "شهید بهشتى",
        "email": "DadeBan.ir@Gmail.com",
        "internet_access": "wlan",
        "name": "شرکت مهندسی داده بان",
        "name:en": "DadeBan",
        "opening_hours": "24/7",
        "phone": "+98 26 3449 6760",
        "shop": "computer",
        "website": "http://www.DadeBan.ir"
      },
      "geometry": {
        "type": "Point",
        "coordinates": [
          50.986772,
          35.8230985
        ]
      },
      "id": "node/5333724121"
    },
    {
      "type": "Feature",
      "properties": {
        "@id": "node/5347777321",
        "addr:street": "مجتمع تک طبقه سوم شماره ۹",
        "email": "majidghavam@gmail.com",
        "name": "کامپیوتر سهند",
        "name:en": "Sahand Computer",
        "opening_hours": "Sa-Th 09:00-21:00",
        "phone": "+98 51 3763 6919",
        "shop": "computer",
        "website": "http://www.sahandco.ir"
      },
      "geometry": {
        "type": "Point",
        "coordinates": [
          59.5628472,
          36.3134521
        ]
      },
      "id": "node/5347777321"
    },
    {
      "type": "Feature",
      "properties": {
        "@id": "node/5351450623",
        "addr:street": "خیابان پیروزی",
        "name": "فروشگاه آوا",
        "name:en": "AVA Computer",
        "phone": "+98 71 5356 1582",
        "shop": "computer"
      },
      "geometry": {
        "type": "Point",
        "coordinates": [
          54.5448429,
          28.7549722
        ]
      },
      "id": "node/5351450623"
    },
    {
      "type": "Feature",
      "properties": {
        "@id": "node/5354466021",
        "addr:street": "خرمشهر ۱۸",
        "name": "مرکز کامپیوتر ایرانا",
        "name:en": "Irana Computer Center",
        "opening_hours": "Sa-Th 11:00-13:30, 16:00-21:30",
        "phone": "+98 903 287 4819",
        "shop": "computer",
        "website": "https://t.me/irana_Computer_Center"
      },
      "geometry": {
        "type": "Point",
        "coordinates": [
          60.8445471,
          29.4987256
        ]
      },
      "id": "node/5354466021"
    },
    {
      "type": "Feature",
      "properties": {
        "@id": "node/5356151326",
        "addr:city": "لیچارگی حسن رود",
        "addr:street": "خیابان طالقانی",
        "name": "فروشگاه خدمات کامپیوتری بافه",
        "shop": "computer"
      },
      "geometry": {
        "type": "Point",
        "coordinates": [
          49.4824075,
          37.4651046
        ]
      },
      "id": "node/5356151326"
    },
    {
      "type": "Feature",
      "properties": {
        "@id": "node/5365538307",
        "addr:city": "چهارفریضه",
        "addr:street": "خیابان مطهری",
        "name": "میر رایانه",
        "shop": "computer"
      },
      "geometry": {
        "type": "Point",
        "coordinates": [
          49.4582203,
          37.4733263
        ]
      },
      "id": "node/5365538307"
    },
    {
      "type": "Feature",
      "properties": {
        "@id": "node/5366649221",
        "addr:street": "خرمشهر ۱۸",
        "name": "مرکز کامپیوتر ایرانا",
        "name:en": "Irana computer center",
        "opening_hours": "Sa-Th 10:30-13:30; sa-th 16:00-21:00",
        "phone": "+989032874819",
        "shop": "computer"
      },
      "geometry": {
        "type": "Point",
        "coordinates": [
          60.8445722,
          29.4987767
        ]
      },
      "id": "node/5366649221"
    },
    {
      "type": "Feature",
      "properties": {
        "@id": "node/5369839221",
        "addr:housenumber": "44338024",
        "addr:postcode": "044",
        "addr:street": "سید قطب",
        "email": "shadmehr.real@gmail.com",
        "name": "کامپیوتر سخت افزار و نرم افزار قادری",
        "name:en": "Computer qaderi",
        "opening_hours": "24/7",
        "phone": "+98 914 344 7984",
        "shop": "computer"
      },
      "geometry": {
        "type": "Point",
        "coordinates": [
          45.4799395,
          36.1546654
        ]
      },
      "id": "node/5369839221"
    },
    {
      "type": "Feature",
      "properties": {
        "@id": "node/5389786121",
        "addr:housenumber": "181",
        "addr:street": "زکریای رازی",
        "internet_access": "wlan",
        "name": "فروشگاه ماهان",
        "name:en": "Mahan store",
        "opening_hours": "Mo-Su 09:00-21:00",
        "shop": "computer",
        "source:name": "map.ir"
      },
      "geometry": {
        "type": "Point",
        "coordinates": [
          51.4455847,
          35.5917556
        ]
      },
      "id": "node/5389786121"
    },
    {
      "type": "Feature",
      "properties": {
        "@id": "node/5408626452",
        "addr:city": "قوچان",
        "addr:housenumber": "94716",
        "addr:postcode": "94716",
        "addr:street": "میدان امام خمینی ضلع شمال شرقی",
        "name": "فروشگاه و مرکز خدمات نرم افزاری - فراهانی",
        "opening_hours": "Mo-Su 09:00-21:00",
        "shop": "computer"
      },
      "geometry": {
        "type": "Point",
        "coordinates": [
          58.5101394,
          37.1060372
        ]
      },
      "id": "node/5408626452"
    },
    {
      "type": "Feature",
      "properties": {
        "@id": "node/5430638921",
        "internet_access": "wlan",
        "name": "موبایل حمید",
        "name:en": "Mobile Hamid",
        "opening_hours": "24/7",
        "phone": "+98 917 939 1880",
        "shop": "computer"
      },
      "geometry": {
        "type": "Point",
        "coordinates": [
          55.4610512,
          26.6764283
        ]
      },
      "id": "node/5430638921"
    },
    {
      "type": "Feature",
      "properties": {
        "@id": "node/5484277189",
        "addr:city": "سامن",
        "addr:street": "میدان امام خمینی",
        "contact:instagram": "@samadi_net",
        "name": "فروشگاه صمدی ( نمایندگی رسمی،رایتل،ایرانسل،شاتل)",
        "name:fa": "Samadi Store",
        "phone": "+98 8132423224",
        "shop": "computer"
      },
      "geometry": {
        "type": "Point",
        "coordinates": [
          48.7075051,
          34.2101519
        ]
      },
      "id": "node/5484277189"
    },
    {
      "type": "Feature",
      "properties": {
        "@id": "node/5516623922",
        "addr:housenumber": "18",
        "addr:street": "مرتضی کارگر سامانی",
        "email": "Mojsystem55310750@gmail.com",
        "name": "موج سیستم",
        "name:en": "Moj System",
        "opening_hours": "Mo-Su 10:00-22:00",
        "phone": "+98 21 5518 6407",
        "shop": "computer"
      },
      "geometry": {
        "type": "Point",
        "coordinates": [
          51.3984378,
          35.637949
        ]
      },
      "id": "node/5516623922"
    },
    {
      "type": "Feature",
      "properties": {
        "@id": "node/5548147923",
        "check_date": "2025-02-20",
        "name": "ایده پرداز",
        "shop": "computer"
      },
      "geometry": {
        "type": "Point",
        "coordinates": [
          50.0049809,
          36.283101
        ]
      },
      "id": "node/5548147923"
    },
    {
      "type": "Feature",
      "properties": {
        "@id": "node/5560619377",
        "addr:city": "شیراز",
        "addr:country": "IR",
        "addr:street": "معدل غربی",
        "addr:unit": "۲۱۲",
        "name": "فارس اچ پی",
        "name:en": "HP",
        "phone": "+98 71 3236 2092",
        "shop": "computer",
        "website": "https://farshp.com/"
      },
      "geometry": {
        "type": "Point",
        "coordinates": [
          52.520383,
          29.6286053
        ]
      },
      "id": "node/5560619377"
    },
    {
      "type": "Feature",
      "properties": {
        "@id": "node/5669205721",
        "addr:housenumber": "09144142703",
        "addr:postcode": "86988698",
        "addr:street": "تبریز میدان قطب پاساژ سبلان",
        "email": "abedibilgisayar@Gmail.com",
        "name": "بیلگی سایار عابدی",
        "opening_hours": "Sa-Th 00:00-24:00",
        "phone": "+98 914 414 2703",
        "shop": "computer"
      },
      "geometry": {
        "type": "Point",
        "coordinates": [
          45.8925411,
          38.3059036
        ]
      },
      "id": "node/5669205721"
    },
    {
      "type": "Feature",
      "properties": {
        "@id": "node/5669714021",
        "addr:housenumber": "09144142703",
        "addr:postcode": "86988698",
        "addr:street": "امام خمینی میدان قطب",
        "email": "abedibilgisayar@Gmail.com",
        "internet_access": "wlan",
        "name": "بیلگی سایار",
        "name:en": "Bilgisayar",
        "opening_hours": "Sa-Th 00:00-24:00",
        "phone": "+98 41 3335 3322",
        "shop": "computer"
      },
      "geometry": {
        "type": "Point",
        "coordinates": [
          46.3107602,
          38.0698452
        ]
      },
      "id": "node/5669714021"
    },
    {
      "type": "Feature",
      "properties": {
        "@id": "node/5678421236",
        "addr:housenumber": "143",
        "addr:street": "بلوار صبا",
        "name": "تیم پلاس",
        "name:en": "Tim Plus",
        "opening_hours": "Su-Th 10:00-22:00, Fr 17:00-22:00",
        "operator": "Hedayati",
        "payment:cash": "yes",
        "payment:debit_cards": "yes",
        "phone": "+98 21 22201283",
        "shop": "computer",
        "wheelchair": "yes"
      },
      "geometry": {
        "type": "Point",
        "coordinates": [
          51.4395768,
          35.7946333
        ]
      },
      "id": "node/5678421236"
    },
    {
      "type": "Feature",
      "properties": {
        "@id": "node/5694904725",
        "addr:street": "شهید رحیم زاده",
        "name": "فروشگاه لوازم کامپیوتری دلتا سیستم",
        "shop": "computer"
      },
      "geometry": {
        "type": "Point",
        "coordinates": [
          49.4580189,
          37.4663075
        ]
      },
      "id": "node/5694904725"
    },
    {
      "type": "Feature",
      "properties": {
        "@id": "node/5753925045",
        "name": "پاساژ دانشکده",
        "shop": "computer"
      },
      "geometry": {
        "type": "Point",
        "coordinates": [
          51.0054741,
          35.8112464
        ]
      },
      "id": "node/5753925045"
    },
    {
      "type": "Feature",
      "properties": {
        "@id": "node/5756951436",
        "addr:city": "ABADAN",
        "addr:housenumber": "1",
        "addr:postcode": "6318673748",
        "addr:street": "خیابان یکم اصلی احمداباد",
        "alt_name": "نتورک آبادان",
        "alt_name:en": "NETWORK ABADAN",
        "description": "پرهام رایان گستر جنوب;رایانه;رایانه گستر;موبایل;گوشی;قسط;اقساط",
        "email": "BOXELN2000@GMAIL.COM",
        "fax": "+986153325364",
        "loc_name": "رایان موبایل",
        "name": "رایانه گستر آبادان",
        "opening_hours": "Mo-Su 09:00-21:00",
        "operator": "اسماعیل نودین",
        "payment:cash": "yes",
        "payment:credit_cards": "yes",
        "phone": "+986153337843",
        "shop": "computer"
      },
      "geometry": {
        "type": "Point",
        "coordinates": [
          48.2981704,
          30.3386481
        ]
      },
      "id": "node/5756951436"
    },
    {
      "type": "Feature",
      "properties": {
        "@id": "node/5799270753",
        "addr:housenumber": "11",
        "addr:street": "سرداران ۱",
        "name": "ارین سیستم",
        "name:en": "arian system",
        "opening_hours": "Mo-Su 09:00-15:00, 16:00-22:00",
        "phone": "32234873",
        "shop": "computer"
      },
      "geometry": {
        "type": "Point",
        "coordinates": [
          45.0692221,
          37.547867
        ]
      },
      "id": "node/5799270753"
    },
    {
      "type": "Feature",
      "properties": {
        "@id": "node/5806063553",
        "name": "معاینه فنی خودرو سنگین",
        "shop": "computer"
      },
      "geometry": {
        "type": "Point",
        "coordinates": [
          47.1344114,
          35.6379945
        ]
      },
      "id": "node/5806063553"
    },
    {
      "type": "Feature",
      "properties": {
        "@id": "node/5810014254",
        "addr:housenumber": "Bahman 44",
        "addr:street": "خیابان ۲۲ بهمن",
        "email": "clickcybercafe94@gmail.com",
        "internet_access": "wlan",
        "name": "کافی نت و مرکز کامپیوتر",
        "name:en": "CLiCK",
        "name:fa": "کلیک",
        "opening_hours": "Sa-Th 09:00-14:00, 16:00-21:00",
        "phone": "+98 26 3632 0336",
        "shop": "computer",
        "website": "https://t.me/mimshah"
      },
      "geometry": {
        "type": "Point",
        "coordinates": [
          50.8964332,
          35.751784
        ]
      },
      "id": "node/5810014254"
    },
    {
      "type": "Feature",
      "properties": {
        "@id": "node/5863511785",
        "addr:street": "شهید قنادان",
        "name": "سرزمین رایانه",
        "name:en": "Computer Land",
        "shop": "computer"
      },
      "geometry": {
        "type": "Point",
        "coordinates": [
          48.6879478,
          31.3201245
        ]
      },
      "id": "node/5863511785"
    },
    {
      "type": "Feature",
      "properties": {
        "@id": "node/5951710591",
        "name": "رایانه خاص",
        "shop": "computer"
      },
      "geometry": {
        "type": "Point",
        "coordinates": [
          56.292096,
          27.1973821
        ]
      },
      "id": "node/5951710591"
    },
    {
      "type": "Feature",
      "properties": {
        "@id": "node/5965592685",
        "name": "جزیره",
        "name:en": "jazireh",
        "phone": "33182998",
        "shop": "computer"
      },
      "geometry": {
        "type": "Point",
        "coordinates": [
          51.4652314,
          35.6818222
        ]
      },
      "id": "node/5965592685"
    },
    {
      "type": "Feature",
      "properties": {
        "@id": "node/5967276330",
        "addr:city": "فولادشهر",
        "addr:housenumber": "22",
        "addr:street": "گذر محمد کسی سومار",
        "contact:mobile": "+98 913 235 0595",
        "name": "کامپیوتر افرا",
        "operator": "آقای عالمی",
        "phone": "+98 31 5263 2623",
        "shop": "computer"
      },
      "geometry": {
        "type": "Point",
        "coordinates": [
          51.4096809,
          32.4871775
        ]
      },
      "id": "node/5967276330"
    },
    {
      "type": "Feature",
      "properties": {
        "@id": "node/6010871628",
        "addr:city": "مازندران - آمل",
        "addr:postcode": "46169-33944",
        "addr:street": "شهید علی صلواتی - فجر ۲۹",
        "brand": "Gps Tools",
        "email": "GpsToolss@gmail.com",
        "material": "software_،_نقشگه_گارمین_،_نقشه_توپوگرافی",
        "name": "فروشگاه نقشه گارمین GpsTools",
        "name:en": "Garmin Map Shop",
        "note": "فروشگاه Gps Tools مفختـر است جهت نیاز حال مشتریان محترم، به خصوص کوهنوردان و طبیعتگــردان، نقشـه های قابل استفاده بر روی جی پی اس های شرکت های معتبـــر از جمله گارمین Garmin و دستگاه های اندرویدی ( تلفن همراه ) را با قیمت های مناسب ارائه نماید.",
        "operator": "ولی پور",
        "payment:telephone_cards": "yes",
        "phone": "+98 911 320 7889",
        "shop": "computer",
        "source": "نقشه گارمین;نقشه جی پی اس;توپوگرافی;نقشه ایران گارمین;نقشه توپوگرافی کوهنوردی;نقشه جی پی اس ایران;توپوگرافی گارمین;گارمین توپوگرافی;Garmin Topographic Maps;Garmin Iran maps;نقشه ایران;نقشه توپوگرافی;gps",
        "website": "https://gpstools.ir/"
      },
      "geometry": {
        "type": "Point",
        "coordinates": [
          52.3317737,
          36.4629082
        ]
      },
      "id": "node/6010871628"
    },
    {
      "type": "Feature",
      "properties": {
        "@id": "node/6031067590",
        "name": "رایانت کامپیوتر",
        "name:en": "rayanet computer",
        "shop": "computer"
      },
      "geometry": {
        "type": "Point",
        "coordinates": [
          54.1394062,
          27.6607019
        ]
      },
      "id": "node/6031067590"
    },
    {
      "type": "Feature",
      "properties": {
        "@id": "node/6031067591",
        "name": "هرمز کامپیوتر",
        "name:en": "hormoz computer",
        "shop": "computer"
      },
      "geometry": {
        "type": "Point",
        "coordinates": [
          54.1355546,
          27.6644769
        ]
      },
      "id": "node/6031067591"
    },
    {
      "type": "Feature",
      "properties": {
        "@id": "node/6036739130",
        "name": "مجید سیستم",
        "shop": "computer"
      },
      "geometry": {
        "type": "Point",
        "coordinates": [
          46.2714807,
          36.2354511
        ]
      },
      "id": "node/6036739130"
    },
    {
      "type": "Feature",
      "properties": {
        "@id": "node/6052857513",
        "name": "مهسا کامپیوتر",
        "shop": "computer"
      },
      "geometry": {
        "type": "Point",
        "coordinates": [
          49.593518,
          37.280976
        ]
      },
      "id": "node/6052857513"
    },
    {
      "type": "Feature",
      "properties": {
        "@id": "node/6092648334",
        "name": "فروشگاه و تعمیرات کامپیوتر آبیدر",
        "repair": "yes",
        "shop": "computer"
      },
      "geometry": {
        "type": "Point",
        "coordinates": [
          46.2647212,
          36.2358576
        ]
      },
      "id": "node/6092648334"
    },
    {
      "type": "Feature",
      "properties": {
        "@id": "node/6116307732",
        "addr:city": "بیرجند",
        "addr:street": "خیابان فردوسی",
        "name": "آرام رایانه",
        "name:en": "ARAM Computer",
        "operator": "مجید فاروغی",
        "shop": "computer"
      },
      "geometry": {
        "type": "Point",
        "coordinates": [
          59.22586,
          32.8559995
        ]
      },
      "id": "node/6116307732"
    },
    {
      "type": "Feature",
      "properties": {
        "@id": "node/6123552589",
        "name": "کافی نت صدرا",
        "name:en": "Sadra cafenet",
        "phone": "+98 41 3554 1682",
        "shop": "computer",
        "source:name": "map.ir"
      },
      "geometry": {
        "type": "Point",
        "coordinates": [
          46.288479,
          38.0785674
        ]
      },
      "id": "node/6123552589"
    },
    {
      "type": "Feature",
      "properties": {
        "@id": "node/6138136285",
        "addr:city": "shahroud",
        "addr:housenumber": "ساختمان حجاب",
        "addr:street": "میدان حجاب",
        "description": "طراحی اپلیکیشن موبایل ، طراحی سایت، برنامه نویسی یکپارچه",
        "email": "info@amihan.ir",
        "instagram": "amihan_ir",
        "name": "ای میهن",
        "name:en": "Amihan.ir",
        "opening_hours": "Sa-Th 08:00-14:00, 16:00-22:00; Fr 16:00-22:00",
        "operator": "amihan.ir",
        "payment:cards": "yes",
        "payment:cash": "yes",
        "payment:cryptocurrencies": "yes",
        "phone": "+98 921 675 6364",
        "seamark:beacon_special_purpose:category": "web design",
        "shop": "computer",
        "website": "https://amihan.ir/"
      },
      "geometry": {
        "type": "Point",
        "coordinates": [
          54.9664032,
          36.4282084
        ]
      },
      "id": "node/6138136285"
    },
    {
      "type": "Feature",
      "properties": {
        "@id": "node/6168645110",
        "addr:city": "فولادشهر",
        "addr:housenumber": "1",
        "addr:postcode": "8491416206",
        "addr:street": "شهدای هسا غربی",
        "description": "فروش و تعمیر انواع کامپیوتر - لپ تاپ - تبلت - گوشی همراه و دوربین های مداربسته",
        "email": "venuscomputer@live.com",
        "fax": "03152643073",
        "name": "ونوس کامپیوتر",
        "phone": "+98 912 250 1761",
        "shop": "computer"
      },
      "geometry": {
        "type": "Point",
        "coordinates": [
          51.3871769,
          32.4811262
        ]
      },
      "id": "node/6168645110"
    },
    {
      "type": "Feature",
      "properties": {
        "@id": "node/6178029889",
        "name": "فروشگاه دوربین مدار بسته",
        "shop": "computer"
      },
      "geometry": {
        "type": "Point",
        "coordinates": [
          47.071014,
          34.3378742
        ]
      },
      "id": "node/6178029889"
    },
    {
      "type": "Feature",
      "properties": {
        "@id": "node/6180992594",
        "name": "فروشگاه آیزا",
        "shop": "computer"
      },
      "geometry": {
        "type": "Point",
        "coordinates": [
          50.1588228,
          37.1948112
        ]
      },
      "id": "node/6180992594"
    },
    {
      "type": "Feature",
      "properties": {
        "@id": "node/6260267531",
        "addr:housenumber": "466",
        "addr:street": "بین ۶ و ۷ غربی",
        "name": "موبایل گیگابایت",
        "name:en": "GIGABYTE",
        "opening_hours": "Mo-Su 10:00-14:00, 16:30-22:00",
        "phone": "+982165527814",
        "shop": "computer",
        "website": "https://t.me/gigabyte2"
      },
      "geometry": {
        "type": "Point",
        "coordinates": [
          51.0197135,
          35.6795011
        ]
      },
      "id": "node/6260267531"
    },
    {
      "type": "Feature",
      "properties": {
        "@id": "node/6269555040",
        "name": "فروشگاه کامپیوتر پردازشگر",
        "payment:cash": "yes",
        "payment:credit_cards": "yes",
        "phone": "+98 28 3422 1010",
        "shop": "computer",
        "website": "https://pardazeshgar.com/"
      },
      "geometry": {
        "type": "Point",
        "coordinates": [
          50.0634892,
          35.7678643
        ]
      },
      "id": "node/6269555040"
    },
    {
      "type": "Feature",
      "properties": {
        "@id": "node/6272010451",
        "addr:city": "فولادشهر",
        "addr:housenumber": "102",
        "addr:street": "شاهد ۷",
        "contact:mobile": "+98 913 804 7501",
        "description": "- مرکز تعمیرات تخصصی ماشین های اداری  - تعمیر انواع پرینتر،اسکنر و دستگاه هی چند کاره - خرید و فروش کامپیوتر و انواع پرینتر - فروش انواع کارتریج مصرفی - تعمیر و شارژ انواع کارتریج",
        "mobile": "+98 913 804 7501",
        "name": "پیشرو رایانه",
        "operator": "آقای جعفری",
        "phone": "+98 31 5264 1312",
        "shop": "computer"
      },
      "geometry": {
        "type": "Point",
        "coordinates": [
          51.4142184,
          32.4928757
        ]
      },
      "id": "node/6272010451"
    },
    {
      "type": "Feature",
      "properties": {
        "@id": "node/6278516014",
        "addr:city": "فولادشهر",
        "addr:street": "شاهد ۶",
        "description": "فروش و تعمیرات فروش انواع پرینتر،لیبل زن ، بارکدخوان و کلیه ماشین های اداری",
        "name": "پارس رایانه",
        "phone": "+98 939 766 0512",
        "shop": "computer"
      },
      "geometry": {
        "type": "Point",
        "coordinates": [
          51.4007475,
          32.4858813
        ]
      },
      "id": "node/6278516014"
    },
    {
      "type": "Feature",
      "properties": {
        "@id": "node/6297076451",
        "addr:city": "بابل",
        "name": "نگین رایانه (کفایت)",
        "shop": "computer"
      },
      "geometry": {
        "type": "Point",
        "coordinates": [
          52.6809425,
          36.5558494
        ]
      },
      "id": "node/6297076451"
    },
    {
      "type": "Feature",
      "properties": {
        "@id": "node/6312723664",
        "addr:city": "بابل",
        "name": "کامپیوتر عارف",
        "shop": "computer"
      },
      "geometry": {
        "type": "Point",
        "coordinates": [
          52.6790406,
          36.5621014
        ]
      },
      "id": "node/6312723664"
    },
    {
      "type": "Feature",
      "properties": {
        "@id": "node/6312723667",
        "addr:city": "بابل",
        "name": "شبکه",
        "shop": "computer"
      },
      "geometry": {
        "type": "Point",
        "coordinates": [
          52.6790658,
          36.5618942
        ]
      },
      "id": "node/6312723667"
    },
    {
      "type": "Feature",
      "properties": {
        "@id": "node/6312723668",
        "addr:city": "بابل",
        "name": "کاشیرا",
        "shop": "computer"
      },
      "geometry": {
        "type": "Point",
        "coordinates": [
          52.6792998,
          36.5566153
        ]
      },
      "id": "node/6312723668"
    },
    {
      "type": "Feature",
      "properties": {
        "@id": "node/6312723670",
        "addr:city": "بابل",
        "name": "مرکز کامپیوتر شمال",
        "shop": "computer"
      },
      "geometry": {
        "type": "Point",
        "coordinates": [
          52.6790646,
          36.5619284
        ]
      },
      "id": "node/6312723670"
    },
    {
      "type": "Feature",
      "properties": {
        "@id": "node/6316958249",
        "addr:city": "بابل",
        "name": "ارتباط پرداز نوین",
        "shop": "computer"
      },
      "geometry": {
        "type": "Point",
        "coordinates": [
          52.6818616,
          36.5520001
        ]
      },
      "id": "node/6316958249"
    },
    {
      "type": "Feature",
      "properties": {
        "@id": "node/6316958250",
        "addr:city": "بابل",
        "name": "موسسه کامپیوتری عسکری",
        "shop": "computer"
      },
      "geometry": {
        "type": "Point",
        "coordinates": [
          52.6808397,
          36.5553764
        ]
      },
      "id": "node/6316958250"
    },
    {
      "type": "Feature",
      "properties": {
        "@id": "node/6317834568",
        "addr:city": "بابل",
        "name": "اپل",
        "shop": "computer"
      },
      "geometry": {
        "type": "Point",
        "coordinates": [
          52.6764745,
          36.5481309
        ]
      },
      "id": "node/6317834568"
    },
    {
      "type": "Feature",
      "properties": {
        "@id": "node/6328512339",
        "addr:street": "رودباری",
        "name": "خدمات رایانه‌ای سپهر",
        "opening_hours": "Mo-Th, Sa, Su 08:30-14:15, 16:30-21:00",
        "phone": "+981333233523",
        "shop": "computer"
      },
      "geometry": {
        "type": "Point",
        "coordinates": [
          49.5794649,
          37.2698982
        ]
      },
      "id": "node/6328512339"
    },
    {
      "type": "Feature",
      "properties": {
        "@id": "node/6330259866",
        "shop": "computer"
      },
      "geometry": {
        "type": "Point",
        "coordinates": [
          54.9651678,
          36.4240038
        ]
      },
      "id": "node/6330259866"
    },
    {
      "type": "Feature",
      "properties": {
        "@id": "node/6359913543",
        "description": "فروشگاه موبایل و مرکز تخصصی تعمیرات سخت افزاری و نرم افزاری موبایل\nفروش انواع لوازم جانبی موبایل و کامپیوتر",
        "level": "0",
        "name": "پارس مموری نارمک",
        "shop": "computer"
      },
      "geometry": {
        "type": "Point",
        "coordinates": [
          51.4902075,
          35.7309529
        ]
      },
      "id": "node/6359913543"
    },
    {
      "type": "Feature",
      "properties": {
        "@id": "node/6363151598",
        "name": "فروشگاه لوازم کامپیوتر و موبایل پشتیبان سیستم",
        "payment:cash": "yes",
        "payment:credit_cards": "yes",
        "phone": "+98 11 4474 5280",
        "shop": "computer"
      },
      "geometry": {
        "type": "Point",
        "coordinates": [
          52.2643222,
          36.6351122
        ]
      },
      "id": "node/6363151598"
    },
    {
      "type": "Feature",
      "properties": {
        "@id": "node/6365527336",
        "addr:city": "زنجان",
        "addr:country": "IR",
        "addr:housenumber": "واحد 201",
        "addr:postcode": "4518636651",
        "addr:street": "خیابان خرمشهر",
        "description": "شرکت فناوران آدریُن داده پرداز (نمایندگی رسمی آنتی ویروس بیت دیفندر و طراحی و اجرای شبکه های کامپیوتری)",
        "name": "Adrion Enterprises Co",
        "opening_hours": "Sa-Th 08:00-12:00",
        "shop": "computer"
      },
      "geometry": {
        "type": "Point",
        "coordinates": [
          48.5086309,
          36.6605915
        ]
      },
      "id": "node/6365527336"
    },
    {
      "type": "Feature",
      "properties": {
        "@id": "node/6391340004",
        "name": "فروشگاه کامپیوتر و موبایل موج شهر",
        "phone": "+98 903 231 3300",
        "shop": "computer",
        "website": "mojeshahr.com"
      },
      "geometry": {
        "type": "Point",
        "coordinates": [
          52.6327904,
          36.643441
        ]
      },
      "id": "node/6391340004"
    },
    {
      "type": "Feature",
      "properties": {
        "@id": "node/6391340006",
        "name": "کامپیوتر آنلاین",
        "phone": "+98 911 118 8534",
        "shop": "computer"
      },
      "geometry": {
        "type": "Point",
        "coordinates": [
          52.6309276,
          36.6437531
        ]
      },
      "id": "node/6391340006"
    },
    {
      "type": "Feature",
      "properties": {
        "@id": "node/6397196785",
        "addr:housenumber": "1",
        "addr:postcode": "66817",
        "addr:street": "بلوار جمهوری",
        "name": "فروشگاه لپ تاپ و موبایل لاوان",
        "name:en": "Lavan computer and mobile store",
        "opening_hours": "24/7",
        "phone": "+98 918 186 0030",
        "shop": "computer",
        "website": "http://www.dyari.ir"
      },
      "geometry": {
        "type": "Point",
        "coordinates": [
          46.2643506,
          36.236546
        ]
      },
      "id": "node/6397196785"
    },
    {
      "type": "Feature",
      "properties": {
        "@id": "node/6432303501",
        "addr:city": "فولادشهر",
        "addr:street": "بن بست عقیق",
        "name": "ماهان رایانه",
        "phone": "+98 913 535 8474",
        "shop": "computer"
      },
      "geometry": {
        "type": "Point",
        "coordinates": [
          51.3683732,
          32.5205818
        ]
      },
      "id": "node/6432303501"
    },
    {
      "type": "Feature",
      "properties": {
        "@id": "node/6440087951",
        "name": "آسا سیستم",
        "shop": "computer"
      },
      "geometry": {
        "type": "Point",
        "coordinates": [
          59.5505739,
          36.3122958
        ]
      },
      "id": "node/6440087951"
    },
    {
      "type": "Feature",
      "properties": {
        "@id": "node/6453321387",
        "addr:street": "امام رضا",
        "email": "mottahhar@gmail.com",
        "internet_access": "wlan",
        "name": "شفق رایانه جوین",
        "name:en": "Jovein's Shafagh Computer",
        "opening_hours": "Mo-Su 16:00-22:00",
        "operator": "شمس آبادی",
        "phone": "+985145220620",
        "shop": "computer"
      },
      "geometry": {
        "type": "Point",
        "coordinates": [
          57.3958543,
          36.7130037
        ]
      },
      "id": "node/6453321387"
    },
    {
      "type": "Feature",
      "properties": {
        "@id": "node/6488094960",
        "name": "پرنیان",
        "shop": "computer"
      },
      "geometry": {
        "type": "Point",
        "coordinates": [
          51.157498,
          36.5049256
        ]
      },
      "id": "node/6488094960"
    },
    {
      "type": "Feature",
      "properties": {
        "@id": "node/6533462440",
        "name": "فروشگاه سخت افزار و نرم افزار فونیکس",
        "shop": "computer",
        "source": "map.ir"
      },
      "geometry": {
        "type": "Point",
        "coordinates": [
          50.0124745,
          37.1999238
        ]
      },
      "id": "node/6533462440"
    },
    {
      "type": "Feature",
      "properties": {
        "@id": "node/6567129017",
        "name": "نگين رايانه",
        "shop": "computer"
      },
      "geometry": {
        "type": "Point",
        "coordinates": [
          52.6876579,
          30.8930726
        ]
      },
      "id": "node/6567129017"
    },
    {
      "type": "Feature",
      "properties": {
        "@id": "node/6602777805",
        "name": "خیام سیستم",
        "name:en": "Khayyam System",
        "phone": "+985143334024",
        "shop": "computer"
      },
      "geometry": {
        "type": "Point",
        "coordinates": [
          58.7939405,
          36.2217723
        ]
      },
      "id": "node/6602777805"
    },
    {
      "type": "Feature",
      "properties": {
        "@id": "node/6627036110",
        "name": "فروشگاه آریا",
        "shop": "computer"
      },
      "geometry": {
        "type": "Point",
        "coordinates": [
          48.6083844,
          31.2958744
        ]
      },
      "id": "node/6627036110"
    },
    {
      "type": "Feature",
      "properties": {
        "@id": "node/6654941816",
        "description": "نماینده نرم افزارهلو",
        "name": "نوشهر رایانه",
        "shop": "computer"
      },
      "geometry": {
        "type": "Point",
        "coordinates": [
          51.4998711,
          36.6472432
        ]
      },
      "id": "node/6654941816"
    },
    {
      "type": "Feature",
      "properties": {
        "@id": "node/6687995014",
        "addr:city": "تهران",
        "addr:country": "IR",
        "addr:housenumber": "710",
        "addr:postcode": "1648697175",
        "addr:street": "بزرگراه شهید سلیمانی",
        "name": "فروشگاه کامپیوتر و لپ تاپ آتیه پرداز",
        "name:en": "mobile and computer store Atieh Pardaz",
        "opening_hours": "10:00-21:00",
        "operator": "فروشگاه کامپیوتر و موبایل آتیه پرداز",
        "phone": "+98 21 7727 1616",
        "shop": "computer"
      },
      "geometry": {
        "type": "Point",
        "coordinates": [
          51.4916961,
          35.7359937
        ]
      },
      "id": "node/6687995014"
    },
    {
      "type": "Feature",
      "properties": {
        "@id": "node/6712005930",
        "addr:city": "بجنورد",
        "addr:housenumber": "154",
        "addr:street": "کوچه جاجرمی شهید مقدادی",
        "name": "عصر ارتباط",
        "name:en": "Bojnourdkala.ir",
        "name:fa": "بجنورد کالا",
        "operator": "جواد دژبانی",
        "shop": "computer"
      },
      "geometry": {
        "type": "Point",
        "coordinates": [
          57.3330759,
          37.4751392
        ]
      },
      "id": "node/6712005930"
    },
    {
      "type": "Feature",
      "properties": {
        "@id": "node/6734882244",
        "addr:city": "تبریز",
        "addr:housenumber": "پلاک 49",
        "addr:street": "باغمیشه، مابین میدان ارغوان و چهارراه میثاق، میثاق سوم، کامپیوتر کیهان پرداز",
        "name": "کامپیوتر کیهان پرداز",
        "name:en": "Keyhan Pardaz",
        "opening_hours": "Mo-Su 17:00-21:00",
        "phone": "+98 41 3668 0040",
        "shop": "computer"
      },
      "geometry": {
        "type": "Point",
        "coordinates": [
          46.3837255,
          38.0685111
        ]
      },
      "id": "node/6734882244"
    },
    {
      "type": "Feature",
      "properties": {
        "@id": "node/6740100147",
        "addr:city": "Gorgan, Iran",
        "addr:street": "Pasaj Reza, Shahid Beheshti Ave,",
        "brand": "HP,Canon,Konica Minolta,Asus,Gigabyte",
        "name": "ParsMehregan  پارس مهرگان ماشینهای اداری و رایانه",
        "name:fa": "پارس مهرگان ماشینهای اداری و رایانه",
        "opening_hours": "08:00-19:30",
        "phone": "+98 17 3225 5258",
        "shop": "computer",
        "website": "http://www.parsmehregan.com"
      },
      "geometry": {
        "type": "Point",
        "coordinates": [
          54.4357666,
          36.8419778
        ]
      },
      "id": "node/6740100147"
    },
    {
      "type": "Feature",
      "properties": {
        "@id": "node/6743587419",
        "addr:city": "سمنان",
        "addr:street": "جمهوری ۱۵ شرقی",
        "name": "کامپیوتر جمهوری",
        "opening_hours": "Mo-Su 09:00-21:00",
        "operator": "مهدی رحیمی",
        "phone": "+989125319855",
        "shop": "computer"
      },
      "geometry": {
        "type": "Point",
        "coordinates": [
          53.3808097,
          35.5853456
        ]
      },
      "id": "node/6743587419"
    },
    {
      "type": "Feature",
      "properties": {
        "@id": "node/6756925318",
        "addr:city": "تربت حیدریه",
        "addr:street": "خیابان آسایش",
        "name": "عارف کامپیوتر",
        "operator": "عارف",
        "second_hand": "yes",
        "shop": "computer"
      },
      "geometry": {
        "type": "Point",
        "coordinates": [
          59.2168781,
          35.2775718
        ]
      },
      "id": "node/6756925318"
    },
    {
      "type": "Feature",
      "properties": {
        "@id": "node/6772888187",
        "name": "کامپیوتر وصال",
        "shop": "computer"
      },
      "geometry": {
        "type": "Point",
        "coordinates": [
          52.4586234,
          29.6949709
        ]
      },
      "id": "node/6772888187"
    },
    {
      "type": "Feature",
      "properties": {
        "@id": "node/6774791775",
        "name": "کامپیوتر ایران زمین ( خرید ، فروش ، تعمیرات",
        "opening_hours": "10:00-14:00,17:00-23:00; Fr 18:00-23:00",
        "shop": "computer"
      },
      "geometry": {
        "type": "Point",
        "coordinates": [
          54.3594472,
          31.8448464
        ]
      },
      "id": "node/6774791775"
    },
    {
      "type": "Feature",
      "properties": {
        "@id": "node/6793607197",
        "addr:street": "امام خمینی",
        "name": "تعمیرات کامپیوتر فرکانس",
        "opening_hours": "Sa-Th 09:00-18:00",
        "shop": "computer"
      },
      "geometry": {
        "type": "Point",
        "coordinates": [
          60.2202167,
          26.2302501
        ]
      },
      "id": "node/6793607197"
    },
    {
      "type": "Feature",
      "properties": {
        "@id": "node/6832896524",
        "addr:city": "مازندران - آمل",
        "addr:street": "فجر ۲۷",
        "name": "کامپیوتر رفرش",
        "name:en": "Refresh Computer",
        "operator": "شعبانی",
        "shop": "computer"
      },
      "geometry": {
        "type": "Point",
        "coordinates": [
          52.3319933,
          36.4647891
        ]
      },
      "id": "node/6832896524"
    },
    {
      "type": "Feature",
      "properties": {
        "@id": "node/6849301708",
        "description": "خدمات کامپیوتری",
        "name": "خدمات کامپیوتری دیده پرداز",
        "name:en": "Dideh Pardaz",
        "opening_hours": "07:00-22:00",
        "phone": "+98 41 35233671",
        "shop": "computer"
      },
      "geometry": {
        "type": "Point",
        "coordinates": [
          46.3006866,
          38.0757291
        ]
      },
      "id": "node/6849301708"
    },
    {
      "type": "Feature",
      "properties": {
        "@id": "node/6877752086",
        "shop": "computer"
      },
      "geometry": {
        "type": "Point",
        "coordinates": [
          51.4730999,
          35.7069295
        ]
      },
      "id": "node/6877752086"
    },
    {
      "type": "Feature",
      "properties": {
        "@id": "node/6932108185",
        "addr:city": "زواره",
        "addr:street": "امام خمینی",
        "internet_access": "wlan",
        "name": "شرکت رایانه ای صباگستر زواره",
        "name:en": "Zavareh Saba Gostar Company",
        "operator": "محمد گلی",
        "payment:cash": "yes",
        "payment:credit_cards": "yes",
        "phone": "+989139624866",
        "shop": "computer"
      },
      "geometry": {
        "type": "Point",
        "coordinates": [
          52.4880953,
          33.4476127
        ]
      },
      "id": "node/6932108185"
    },
    {
      "type": "Feature",
      "properties": {
        "@id": "node/6945021685",
        "name": "نسل من",
        "shop": "computer"
      },
      "geometry": {
        "type": "Point",
        "coordinates": [
          50.8720475,
          34.6356843
        ]
      },
      "id": "node/6945021685"
    },
    {
      "type": "Feature",
      "properties": {
        "@id": "node/6951073487",
        "name": "فروشگاه زنجیره ای هفت",
        "shop": "computer"
      },
      "geometry": {
        "type": "Point",
        "coordinates": [
          49.0553939,
          33.4864813
        ]
      },
      "id": "node/6951073487"
    },
    {
      "type": "Feature",
      "properties": {
        "@id": "node/6951513227",
        "addr:street": "سلمان فارسی",
        "description": "خرید و فروش و تعمیرات انواع کامپیوتر و لپ تاپ",
        "mobile": "+98 938 608 6984",
        "name": "رایان سیستم",
        "phone": "+98 938 608 6984",
        "shop": "computer"
      },
      "geometry": {
        "type": "Point",
        "coordinates": [
          51.3646994,
          32.5242344
        ]
      },
      "id": "node/6951513227"
    },
    {
      "type": "Feature",
      "properties": {
        "@id": "node/7023178258",
        "addr:city": "مرودشت",
        "addr:street": "بولوار کارگر",
        "name": "بانک نرم افزار کشاورز",
        "opening_hours": "Mo-Su 09:00-21:00",
        "operator": "مسعود کشاورز",
        "payment:cash": "yes",
        "payment:credit_cards": "yes",
        "phone": "+989177141086",
        "shop": "computer"
      },
      "geometry": {
        "type": "Point",
        "coordinates": [
          52.8064228,
          29.8790862
        ]
      },
      "id": "node/7023178258"
    },
    {
      "type": "Feature",
      "properties": {
        "@id": "node/7050421632",
        "fixme": "طراحی وبسایت و تولید محتوا و فروشگاه انلاین",
        "name": "شرکت وستا رایان تجارت پارس",
        "shop": "computer"
      },
      "geometry": {
        "type": "Point",
        "coordinates": [
          52.5123899,
          29.5990386
        ]
      },
      "id": "node/7050421632"
    },
    {
      "type": "Feature",
      "properties": {
        "@id": "node/7058296966",
        "addr:city": "سمنان",
        "addr:street": "ولیعصر",
        "name": "شرکت به‌آفرین سامانه",
        "opening_hours": "Mo-Su 09:00-21:00",
        "phone": "+982333336302",
        "shop": "computer"
      },
      "geometry": {
        "type": "Point",
        "coordinates": [
          53.391387,
          35.579996
        ]
      },
      "id": "node/7058296966"
    },
    {
      "type": "Feature",
      "properties": {
        "@id": "node/7074556863",
        "name": "کامپیوتر دلتا",
        "name:en": "Delta Computer",
        "shop": "computer"
      },
      "geometry": {
        "type": "Point",
        "coordinates": [
          48.8259405,
          34.2885974
        ]
      },
      "id": "node/7074556863"
    },
    {
      "type": "Feature",
      "properties": {
        "@id": "node/7078128032",
        "addr:city": "ABADAN",
        "addr:housename": "HATAM MALL",
        "addr:housenumber": "4",
        "addr:postcode": "6318673748",
        "addr:street": "AHMADABAD",
        "name": "پرهام رایان گستر جنوب",
        "name:fa": "پرهام رایان گستر",
        "shop": "computer",
        "source": "COMPUTER;MOBILE;موبایل;کامپیوتر"
      },
      "geometry": {
        "type": "Point",
        "coordinates": [
          48.2982183,
          30.3386769
        ]
      },
      "id": "node/7078128032"
    },
    {
      "type": "Feature",
      "properties": {
        "@id": "node/7095318137",
        "addr:city": "کرج",
        "addr:postcode": "مهرشهر",
        "addr:street": "اول شرقی (شعبان آباد)",
        "name": "خدمات کامپیوتری پگاه",
        "operator": "فلاح پور",
        "phone": "+98 26 3334 0368",
        "shop": "computer"
      },
      "geometry": {
        "type": "Point",
        "coordinates": [
          50.8999413,
          35.8136005
        ]
      },
      "id": "node/7095318137"
    },
    {
      "type": "Feature",
      "properties": {
        "@id": "node/7105423064",
        "addr:city": "میبد",
        "addr:street": "خیابان معلم",
        "email": "sabanetmeybod@gmail.com",
        "internet_access": "yes",
        "name": "صبانت میبد",
        "payment:cash": "yes",
        "payment:coins": "yes",
        "payment:debit_cards": "yes",
        "phone": "+98 35 3232 5158",
        "shop": "computer",
        "website": "https://sabapc.ir/"
      },
      "geometry": {
        "type": "Point",
        "coordinates": [
          54.0130935,
          32.2368666
        ]
      },
      "id": "node/7105423064"
    },
    {
      "type": "Feature",
      "properties": {
        "@id": "node/7121609874",
        "addr:city": "بابل",
        "name": "خدمات کامپیوتری",
        "shop": "computer"
      },
      "geometry": {
        "type": "Point",
        "coordinates": [
          52.6745248,
          36.5482925
        ]
      },
      "id": "node/7121609874"
    },
    {
      "type": "Feature",
      "properties": {
        "@id": "node/7202339985",
        "name": "کامپیوتر و لپ تاپ نیکان",
        "name:en": "Nikan Computer & Laptop",
        "opening_hours": "Sa-Th 09:00-20:00",
        "phone": "+98 11 3575 1920",
        "shop": "computer"
      },
      "geometry": {
        "type": "Point",
        "coordinates": [
          52.762782,
          36.6672805
        ]
      },
      "id": "node/7202339985"
    },
    {
      "type": "Feature",
      "properties": {
        "@id": "node/7206563756",
        "name": "مرکز یارانه‌ای مهرگان",
        "shop": "computer"
      },
      "geometry": {
        "type": "Point",
        "coordinates": [
          51.6580624,
          32.6989479
        ]
      },
      "id": "node/7206563756"
    },
    {
      "type": "Feature",
      "properties": {
        "@id": "node/7223815885",
        "addr:street": "میر فندرسکی",
        "email": "gameisl.shop@gmail.com",
        "internet_access": "wlan",
        "name": "خدمات و فروش کنسول جزیره بازی",
        "name:en": "Game island console store",
        "opening_hours": "Sa-Th 10:00-22:00",
        "phone": "+98991 392 4124",
        "shop": "computer",
        "website": "https://gameisl.com/"
      },
      "geometry": {
        "type": "Point",
        "coordinates": [
          51.6725556,
          32.6352043
        ]
      },
      "id": "node/7223815885"
    },
    {
      "type": "Feature",
      "properties": {
        "@id": "node/7284111183",
        "addr:city": "تهران",
        "addr:housenumber": "478",
        "addr:postcode": "1377636769",
        "addr:street": "بلوار معلم",
        "name": "لیان وب",
        "opening_hours": "24/7",
        "operator": "ارائه خدمات طراحی سایت",
        "payment:cash": "yes",
        "payment:visa": "yes",
        "shop": "computer",
        "website": "https://lianweb.ir/"
      },
      "geometry": {
        "type": "Point",
        "coordinates": [
          51.3114497,
          35.6527159
        ]
      },
      "id": "node/7284111183"
    },
    {
      "type": "Feature",
      "properties": {
        "@id": "node/7350432802",
        "name": "تعمیرات کامپیوتر سروقد",
        "name:en": "computer sarveghad",
        "phone": "+98 51 3663 0138",
        "shop": "computer",
        "website": "https://www.pcsarv.ir/"
      },
      "geometry": {
        "type": "Point",
        "coordinates": [
          59.5194995,
          36.3535311
        ]
      },
      "id": "node/7350432802"
    },
    {
      "type": "Feature",
      "properties": {
        "@id": "node/7370694367",
        "name": "پرینتر",
        "shop": "computer"
      },
      "geometry": {
        "type": "Point",
        "coordinates": [
          57.0248245,
          30.2820955
        ]
      },
      "id": "node/7370694367"
    },
    {
      "type": "Feature",
      "properties": {
        "@id": "node/7371674628",
        "addr:city": "هلر",
        "name": "خدمات نرم افزاری مدرن سیستم",
        "shop": "computer"
      },
      "geometry": {
        "type": "Point",
        "coordinates": [
          56.0859878,
          26.9649856
        ]
      },
      "id": "node/7371674628"
    },
    {
      "type": "Feature",
      "properties": {
        "@id": "node/7379475184",
        "addr:city": "اقلید",
        "addr:street": "خیابان امام خمینی",
        "name": "خدمات کامپیوتر پارسیان (نمایندگی آسیاتک)",
        "operator": "سید حسین افضلی",
        "phone": "+989177086714",
        "shop": "computer"
      },
      "geometry": {
        "type": "Point",
        "coordinates": [
          52.696502,
          30.9002884
        ]
      },
      "id": "node/7379475184"
    },
    {
      "type": "Feature",
      "properties": {
        "@id": "node/7463884485",
        "name": "داده رایان گستر",
        "name:en": "Dadeh rayan gostar",
        "phone": "+987132362213",
        "shop": "computer"
      },
      "geometry": {
        "type": "Point",
        "coordinates": [
          52.5203277,
          29.6285767
        ]
      },
      "id": "node/7463884485"
    },
    {
      "type": "Feature",
      "properties": {
        "@id": "node/7515456629",
        "addr:city": "سراوان",
        "name": "موبایل مجید",
        "name:en": "Majid Mobile store",
        "shop": "computer"
      },
      "geometry": {
        "type": "Point",
        "coordinates": [
          62.3389816,
          27.3656826
        ]
      },
      "id": "node/7515456629"
    },
    {
      "type": "Feature",
      "properties": {
        "@id": "node/7530461351",
        "addr:street": "مولوی حسین‌بر",
        "shop": "computer"
      },
      "geometry": {
        "type": "Point",
        "coordinates": [
          60.8784023,
          29.4898917
        ]
      },
      "id": "node/7530461351"
    },
    {
      "type": "Feature",
      "properties": {
        "@id": "node/7530868199",
        "addr:city": "مشهد",
        "addr:housenumber": "بین 76 و میدان لادن",
        "addr:street": "بولوار پیروزی",
        "description": "ارائه کلیه خدمات سخت افزاری، نرم افزاری کامپیوتر و لوزام جانبی تعمیرات کامپیوتر و لپ تاپ و لوازم جانبی ، پرینتر و مانیتور و .. خدمات چاپ و نشر و طراحی و اجرای انواع کارت ویزیت و تراکت",
        "name": "کامپیوتر ۱۰۲۴",
        "opening_hours": "Sa-Th 09:00-23:00",
        "operator": "یاوری",
        "payment:cash": "yes",
        "payment:credit_cards": "yes",
        "payment:electronic_purses": "yes",
        "shop": "computer"
      },
      "geometry": {
        "type": "Point",
        "coordinates": [
          59.4750898,
          36.3288235
        ]
      },
      "id": "node/7530868199"
    },
    {
      "type": "Feature",
      "properties": {
        "@id": "node/7589563680",
        "name": "کامپیوتر تکنوسیستم",
        "shop": "computer"
      },
      "geometry": {
        "type": "Point",
        "coordinates": [
          58.8158088,
          36.2024089
        ]
      },
      "id": "node/7589563680"
    },
    {
      "type": "Feature",
      "properties": {
        "@id": "node/7640748138",
        "addr:city": "چهارفریضه",
        "addr:street": "مطهری",
        "name": "خدمات کامپیوتر وموبایل پدرخوانده",
        "phone": "+981344550348",
        "shop": "computer"
      },
      "geometry": {
        "type": "Point",
        "coordinates": [
          49.4472475,
          37.4760571
        ]
      },
      "id": "node/7640748138"
    },
    {
      "type": "Feature",
      "properties": {
        "@id": "node/7664132296",
        "email": "hanawebsana@gmail.com",
        "name": "طراحی سایت | سئو  | هانا وب سانا",
        "opening_hours": "09:00-22:00",
        "phone": "09371319599",
        "shop": "computer",
        "website": "https://www.hanawebsana.ir/"
      },
      "geometry": {
        "type": "Point",
        "coordinates": [
          49.5882207,
          37.2917572
        ]
      },
      "id": "node/7664132296"
    },
    {
      "type": "Feature",
      "properties": {
        "@id": "node/7692025804",
        "description": "خرید و فروش و تعمیرات تخصصی لپ تاپ ، موبایل و  لوازم جانبی\nکنسول بازی و خدمات مرتبط",
        "name": "فروشگاه بایونیک",
        "name:en": "Bionic Store",
        "shop": "computer"
      },
      "geometry": {
        "type": "Point",
        "coordinates": [
          51.3517446,
          35.7772019
        ]
      },
      "id": "node/7692025804"
    },
    {
      "type": "Feature",
      "properties": {
        "@id": "node/7755770564",
        "name": "PCCO خدمات کامپیوتر",
        "opening_hours": "Sa-Th 09:00-24:00",
        "phone": "+989120806515",
        "shop": "computer"
      },
      "geometry": {
        "type": "Point",
        "coordinates": [
          51.0070364,
          35.8358325
        ]
      },
      "id": "node/7755770564"
    },
    {
      "type": "Feature",
      "properties": {
        "@id": "node/7831334199",
        "name": "گسترش رایانه",
        "shop": "computer"
      },
      "geometry": {
        "type": "Point",
        "coordinates": [
          51.3669236,
          35.6667278
        ]
      },
      "id": "node/7831334199"
    },
    {
      "type": "Feature",
      "properties": {
        "@id": "node/7841031585",
        "addr:housenumber": "4",
        "addr:postcode": "15869749",
        "addr:street": "فردوسی ۴",
        "email": "info@microwave-technology.com",
        "name": "کلینیک فن آوری ریزموج",
        "name:en": "microwave technology Co",
        "opening_hours": "Sa-Th 09:00-21:00",
        "phone": "04533724074",
        "shop": "computer",
        "website": "http://microwave-technology.com"
      },
      "geometry": {
        "type": "Point",
        "coordinates": [
          48.2618608,
          38.2378367
        ]
      },
      "id": "node/7841031585"
    },
    {
      "type": "Feature",
      "properties": {
        "@id": "node/7878984616",
        "addr:city": "سمنان",
        "addr:street": "کارگر",
        "name": "خدمات کامپیوتری پارسه",
        "opening_hours": "Mo-Su 08:00-14:00,17:00-23:00",
        "operator": "دامغانیان",
        "payment:cash": "yes",
        "payment:debit_cards": "yes",
        "phone": "+982333445754",
        "shop": "computer",
        "wheelchair": "yes"
      },
      "geometry": {
        "type": "Point",
        "coordinates": [
          53.4080628,
          35.5851781
        ]
      },
      "id": "node/7878984616"
    },
    {
      "type": "Feature",
      "properties": {
        "@id": "node/7904223179",
        "cash_withdrawal": "yes",
        "fax": "+98 71 4334 0417",
        "level": "20",
        "name": "خدمات کامپیوتر پارس دلتا",
        "opening_hours": "Mo-Th,Sa-Su 08:00-13:00,15:00-20:00; Sa 09:00-17:00; PH closed",
        "phone": "+98 936 507 250",
        "shop": "computer",
        "website": "parsdelta.ir",
        "wheelchair": "yes"
      },
      "geometry": {
        "type": "Point",
        "coordinates": [
          52.8113748,
          29.8818656
        ]
      },
      "id": "node/7904223179"
    },
    {
      "type": "Feature",
      "properties": {
        "@id": "node/7920571378",
        "name": "خدمات کامپیوتر و اینترنت پارس دلتا",
        "shop": "computer",
        "wheelchair": "yes"
      },
      "geometry": {
        "type": "Point",
        "coordinates": [
          52.811371,
          29.8818429
        ]
      },
      "id": "node/7920571378"
    },
    {
      "type": "Feature",
      "properties": {
        "@id": "node/7942325946",
        "addr:city": "یاسوج",
        "addr:postcode": "7591778449",
        "addr:street": "طالقانی",
        "name": "سینا رایانه",
        "opening_hours": "Mo-Su 09:00-21:00",
        "operator": "سعید سجادیان",
        "payment:cash": "yes",
        "payment:credit_cards": "yes",
        "phone": "+989173411345",
        "shop": "computer",
        "website": "www.30nashop.ir"
      },
      "geometry": {
        "type": "Point",
        "coordinates": [
          51.5965248,
          30.6652787
        ]
      },
      "id": "node/7942325946"
    },
    {
      "type": "Feature",
      "properties": {
        "@id": "node/7946192686",
        "name": "خدمات کامپیوتری مرتضی",
        "shop": "computer"
      },
      "geometry": {
        "type": "Point",
        "coordinates": [
          46.3014817,
          38.0726152
        ]
      },
      "id": "node/7946192686"
    },
    {
      "type": "Feature",
      "properties": {
        "@id": "node/7954598322",
        "addr:city": "تهران",
        "addr:housenumber": "تهران 15خرداد غربی جنب بانک آینده ساختمان جهان پلاک 1052 طبقه اول",
        "addr:street": "پانزده خرداد",
        "air_conditioning": "yes",
        "brand": "Asus Lenovo Samsung",
        "description": "هدهد آی تی فروشگاه لوازم دیجیتال تبلت لپتاپ لوازم جانبی می باشد و در این محل می توانید علاوه بر خرید از خدمات کافی نت مجموعه مانند فوتوکپی پرینت سیاه و سفید و رنگی استفاده نمایید",
        "email": "hodhodnet2020@gmaill.com",
        "fax": "+9855802793",
        "internet_access": "wlan",
        "name": "فروشگاه هدهد آی‌تی",
        "opening_hours": "Sa-Th 09:00-17:00",
        "operator": "سیدمهدی باستان",
        "payment:cards": "yes",
        "payment:cash": "yes",
        "payment:coins": "yes",
        "phone": "+9855632149",
        "shop": "computer",
        "website": "https://hodhodit.com"
      },
      "geometry": {
        "type": "Point",
        "coordinates": [
          51.4145178,
          35.6784978
        ]
      },
      "id": "node/7954598322"
    },
    {
      "type": "Feature",
      "properties": {
        "@id": "node/7972996795",
        "name": "کامپیوتر بهرایان",
        "shop": "computer"
      },
      "geometry": {
        "type": "Point",
        "coordinates": [
          46.2297326,
          38.0552798
        ]
      },
      "id": "node/7972996795"
    },
    {
      "type": "Feature",
      "properties": {
        "@id": "node/8015864550",
        "description": "خدمات کامپیوتری",
        "name": "خدمات کامپیوتری کهکشان",
        "shop": "computer"
      },
      "geometry": {
        "type": "Point",
        "coordinates": [
          46.9934698,
          35.329343
        ]
      },
      "id": "node/8015864550"
    },
    {
      "type": "Feature",
      "properties": {
        "@id": "node/8050478927",
        "addr:city": "Tabriz",
        "addr:housenumber": "113",
        "addr:street": "شهریار - شهید شهری",
        "contact:instagram": "polaris.pc",
        "description": "فروش و تعمیرات تخصصی سیستم های کامپیوتری، لپ تاپ و لوازم جانبی",
        "email": "sadeg.qorbani@gmail.com",
        "image": "goo.gl/maps/PfZpH6yGhdxvsjoN9",
        "mobile": "+989143148605",
        "name": "کامپیوتر پُلاریس",
        "name:en": "Polaris Computers",
        "opening_hours": "Sa-Th 10:00-21:00",
        "operator": "Sadeg Qorbani",
        "payment:bank_card": "yes",
        "payment:cash": "yes",
        "phone": "+984135544465",
        "shop": "computer",
        "website": "https://poplme.co/polarispc"
      },
      "geometry": {
        "type": "Point",
        "coordinates": [
          46.2719783,
          38.0740589
        ]
      },
      "id": "node/8050478927"
    },
    {
      "type": "Feature",
      "properties": {
        "@id": "node/8082381991",
        "addr:city": "آسمان آباد",
        "addr:housenumber": "95620",
        "addr:postcode": "69561",
        "addr:street": "خیابان شهید ستار نادی",
        "email": "nazarif916@yahoo.com",
        "name": "خدمات کامپیوتری پایا",
        "opening_hours": "08:00-12:00  -  15:00-19:00",
        "operator": "paya computer",
        "payment:cards": "yes",
        "payment:cash": "yes",
        "payment:اینترنتی": "yes",
        "phone": "09189899913",
        "shop": "computer"
      },
      "geometry": {
        "type": "Point",
        "coordinates": [
          46.4514009,
          33.862083
        ]
      },
      "id": "node/8082381991"
    },
    {
      "type": "Feature",
      "properties": {
        "@id": "node/8095922917",
        "addr:street": "برادران پاکند",
        "name": "عرضه کامپیوتر نو و دسته دوم (سروری و خانگی و لپ تاپ) سخت افزار و مشاوره",
        "name:en": "Ocean system",
        "opening_hours": "Mo-Su 09:00-23:00",
        "phone": "+989124640788",
        "shop": "computer"
      },
      "geometry": {
        "type": "Point",
        "coordinates": [
          51.3028887,
          35.6687363
        ]
      },
      "id": "node/8095922917"
    },
    {
      "type": "Feature",
      "properties": {
        "@id": "node/8137260460",
        "addr:city": "مشهد",
        "addr:full": "مجتمع تجاری عدالت - طبقه اول - واحد C309 - دفتر خدمات امور رایانه ای تاویژن",
        "addr:street": "میدان شهدای مسجد گوهرشاد",
        "contact:mobile": "+989925639624",
        "email": "rk98pr@gmail.com",
        "name": "دفتر خدمات امور رایانه ای تاویژن",
        "opening_hours": "Mo-Su 09:00-21:00",
        "operator": "انجام کلیه امور خدماتی رایانه ای",
        "payment:cash": "yes",
        "payment:credit_cards": "yes",
        "phone": "+985133665131",
        "shop": "computer",
        "website": "http://www.tawision.com"
      },
      "geometry": {
        "type": "Point",
        "coordinates": [
          59.6235246,
          36.2822382
        ]
      },
      "id": "node/8137260460"
    },
    {
      "type": "Feature",
      "properties": {
        "@id": "node/8140859630",
        "addr:city": "میانه",
        "addr:postcode": "5317868510",
        "addr:street": "معلم جنوبی",
        "name": "وب گستر",
        "opening_hours": "24/7",
        "opening_hours:covid19": "off",
        "payment:cash": "yes",
        "shop": "computer"
      },
      "geometry": {
        "type": "Point",
        "coordinates": [
          47.701958,
          37.4257271
        ]
      },
      "id": "node/8140859630"
    },
    {
      "type": "Feature",
      "properties": {
        "@id": "node/8150612382",
        "name": "الکتریکی",
        "shop": "computer"
      },
      "geometry": {
        "type": "Point",
        "coordinates": [
          51.5025328,
          35.6490816
        ]
      },
      "id": "node/8150612382"
    },
    {
      "type": "Feature",
      "properties": {
        "@id": "node/8195719533",
        "addr:city": "تهران",
        "addr:housenumber": "80",
        "addr:postcode": "1651743486",
        "addr:street": "سعید باغدارنیا",
        "name": "خدمات کامپیوترو موبایل پدرخوانده",
        "opening_hours": "08:00-21:00",
        "operator": "Bahram & Shahram",
        "payment:cash": "yes",
        "payment:credit_cards": "yes",
        "phone": "+98 21 7786 7553",
        "shop": "computer"
      },
      "geometry": {
        "type": "Point",
        "coordinates": [
          51.5202765,
          35.7283767
        ]
      },
      "id": "node/8195719533"
    },
    {
      "type": "Feature",
      "properties": {
        "@id": "node/8195987568",
        "name": "خدمات کامپیوتری باقری",
        "operator": "باقری",
        "shop": "computer"
      },
      "geometry": {
        "type": "Point",
        "coordinates": [
          51.0843561,
          33.0560551
        ]
      },
      "id": "node/8195987568"
    },
    {
      "type": "Feature",
      "properties": {
        "@id": "node/8244252706",
        "name": "مرکز کامپیوتر پاتوق",
        "phone": "+98 912 795 6131",
        "shop": "computer"
      },
      "geometry": {
        "type": "Point",
        "coordinates": [
          60.8434439,
          29.4979728
        ]
      },
      "id": "node/8244252706"
    },
    {
      "type": "Feature",
      "properties": {
        "@id": "node/8255121914",
        "addr:city": "Mashhad",
        "addr:postcode": "9176683145",
        "addr:street": "Aref14",
        "name": "SAKHTAR DADEHAIE FANAVAR ساختار داده های فناور",
        "opening_hours": "Mo-Su 08:00-22:00",
        "operator": "Engineer MOSTAFA GHAFFARI مهندس مصطفی غفاری",
        "payment:IRAN_CARD": "yes",
        "payment:cash": "yes",
        "payment:credit_cards": "yes",
        "payment:mastercard": "yes",
        "payment:visa": "yes",
        "phone": "+989203613997",
        "shop": "computer",
        "website": "https://sakhatardadehaiefanavar.ir/"
      },
      "geometry": {
        "type": "Point",
        "coordinates": [
          59.5789262,
          36.2889991
        ]
      },
      "id": "node/8255121914"
    },
    {
      "type": "Feature",
      "properties": {
        "@id": "node/8256622615",
        "addr:city": "نوشهر",
        "addr:housenumber": "310",
        "addr:postcode": "4651637778",
        "addr:street": "بلوار شهید کریمی- مجتمع علاالدین",
        "brand": "مهندسی فناوری رایان ارتباط",
        "email": "info@repcorp.ir",
        "name": "مهندسی فناوری رایان ارتباط",
        "opening_hours": "09:00-19:00",
        "operator": "مهدی خلج",
        "phone": "+98 11 52322477",
        "shop": "computer",
        "source": "gps;local knowledge",
        "website": "http://repcorp.ir"
      },
      "geometry": {
        "type": "Point",
        "coordinates": [
          51.478525,
          36.6581305
        ]
      },
      "id": "node/8256622615"
    },
    {
      "type": "Feature",
      "properties": {
        "@id": "node/8258299793",
        "addr:city": "ساوه",
        "addr:postcode": "3913836789",
        "addr:street": "پاسداران",
        "description": "شرکت اینترنت یاقوت\nفروشگاه اینترنتی یاقوت",
        "email": "info@yaghoot.shop",
        "name": "شرکت اینترنت یاقوت",
        "phone": "+988642212822",
        "shop": "computer",
        "website": "https://yaghoot.shop"
      },
      "geometry": {
        "type": "Point",
        "coordinates": [
          50.3588462,
          35.0252956
        ]
      },
      "id": "node/8258299793"
    },
    {
      "type": "Feature",
      "properties": {
        "@id": "node/8283453002",
        "addr:city": "شهر مشهد",
        "addr:housenumber": "بین صیاد 20و22",
        "addr:street": "بولوار صیاد شیرازی",
        "name": "deca store ( دکا استور)",
        "opening_hours": "Mo-Fr 10:00-22:00",
        "phone": "+985138658404",
        "shop": "computer"
      },
      "geometry": {
        "type": "Point",
        "coordinates": [
          59.4823439,
          36.3225345
        ]
      },
      "id": "node/8283453002"
    },
    {
      "type": "Feature",
      "properties": {
        "@id": "node/8286763034",
        "addr:city": "نقده",
        "addr:housenumber": "کوچه دکتر حریری",
        "addr:street": "رسالت",
        "internet_access": "yes",
        "name": "شرکت فنی مهندسی ماد رایانه",
        "opening_hours": "24/7",
        "shop": "computer"
      },
      "geometry": {
        "type": "Point",
        "coordinates": [
          45.3819225,
          36.95198
        ]
      },
      "id": "node/8286763034"
    },
    {
      "type": "Feature",
      "properties": {
        "@id": "node/8291487343",
        "name": "فروشگاه رایانه ای میلاد",
        "shop": "computer"
      },
      "geometry": {
        "type": "Point",
        "coordinates": [
          44.766847,
          38.198831
        ]
      },
      "id": "node/8291487343"
    },
    {
      "type": "Feature",
      "properties": {
        "@id": "node/8330729816",
        "contact:mobile": "+98 930 294 0267",
        "name": "خدمات کامپیوتر و کافینت نوین",
        "shop": "computer"
      },
      "geometry": {
        "type": "Point",
        "coordinates": [
          51.4522256,
          35.5826927
        ]
      },
      "id": "node/8330729816"
    },
    {
      "type": "Feature",
      "properties": {
        "@id": "node/8376078779",
        "name": "خدمات کامپیوتر رایان",
        "phone": "+98 91 3443 3840",
        "shop": "computer"
      },
      "geometry": {
        "type": "Point",
        "coordinates": [
          52.4350885,
          32.5657891
        ]
      },
      "id": "node/8376078779"
    },
    {
      "type": "Feature",
      "properties": {
        "@id": "node/8376875151",
        "addr:city": "Babolsar",
        "addr:postcode": "4741750004",
        "addr:street": "Beheshti 17",
        "name": "Titan Store",
        "opening_hours": "Mo-Su 09:00-21:00",
        "operator": "Mojtaba Abdolahtabar",
        "payment:cards": "yes",
        "payment:cash": "yes",
        "phone": "+981135257888",
        "shop": "computer",
        "website": "https://www.instagram.com/titan__store/"
      },
      "geometry": {
        "type": "Point",
        "coordinates": [
          52.6604324,
          36.7021363
        ]
      },
      "id": "node/8376875151"
    },
    {
      "type": "Feature",
      "properties": {
        "@id": "node/8393116117",
        "name": "کامپیوتر ابوالفضل",
        "name:en": "Abolfazl Computer",
        "phone": "+98 71 5275 1179",
        "shop": "computer"
      },
      "geometry": {
        "type": "Point",
        "coordinates": [
          53.2730873,
          27.3064219
        ]
      },
      "id": "node/8393116117"
    },
    {
      "type": "Feature",
      "properties": {
        "@id": "node/8414331247",
        "company": "engineering",
        "name": "شرکت هورخش تجارت آیریک",
        "opening_hours": "Mo-Fr 08:00-17:00",
        "phone": "+98 31 3620 0093",
        "service": "commuter",
        "shop": "computer"
      },
      "geometry": {
        "type": "Point",
        "coordinates": [
          51.6408131,
          32.6232373
        ]
      },
      "id": "node/8414331247"
    },
    {
      "type": "Feature",
      "properties": {
        "@id": "node/8423189865",
        "addr:street": "آزادگان",
        "description": "name: Mohandesin Rayane\nphone: +989120419741\nemail: usb.soft87@gmail.com\nhours: All Days 9:00  21:00\ncategory: IT Services & Computer Repair",
        "email": "usb.soft87@gmail.com",
        "mobile": "+98 9120419741",
        "name": "مهندسین رایانه",
        "name:en": "Mohandesin Rayane",
        "opening_hours": "Mo-Su 09:00-21:00",
        "shop": "computer"
      },
      "geometry": {
        "type": "Point",
        "coordinates": [
          60.8428538,
          29.4980662
        ]
      },
      "id": "node/8423189865"
    },
    {
      "type": "Feature",
      "properties": {
        "@id": "node/8490822197",
        "addr:city": "تهران",
        "addr:street": "نصر یکم",
        "name": "طراحی سایت رسارایان",
        "phone": "+989120942434",
        "shop": "computer",
        "website": "https://rasarayan.com/"
      },
      "geometry": {
        "type": "Point",
        "coordinates": [
          51.4725685,
          35.6577507
        ]
      },
      "id": "node/8490822197"
    },
    {
      "type": "Feature",
      "properties": {
        "@id": "node/8495952616",
        "addr:city": "کرمان",
        "addr:housenumber": "30",
        "addr:street": "یاس",
        "name": "ابر رایانه",
        "name:en": "abar rayaneh",
        "opening_hours": "Mo-Su 09:00-21:00",
        "operator": "abarrayaneh1399@gmail.com",
        "phone": "+98 913 613 6610",
        "shop": "computer"
      },
      "geometry": {
        "type": "Point",
        "coordinates": [
          56.9892979,
          30.2837499
        ]
      },
      "id": "node/8495952616"
    },
    {
      "type": "Feature",
      "properties": {
        "@id": "node/8509246227",
        "name": "تعمیرات کامپیوتر و لپ تاپ ویژه کار",
        "shop": "computer"
      },
      "geometry": {
        "type": "Point",
        "coordinates": [
          51.3710556,
          32.6341367
        ]
      },
      "id": "node/8509246227"
    },
    {
      "type": "Feature",
      "properties": {
        "@id": "node/8574649042",
        "addr:city": "رشت",
        "addr:housenumber": "1st Floor",
        "addr:street": "طالقانی",
        "brand": "NIAVARAN",
        "name": "فروشگاه نیاوران",
        "name:en": "Niavaran Computer",
        "opening_hours": "Sa-Th 10:00-21:00",
        "phone": "+98 13 3324 6212;+98 911 135 3411",
        "shop": "computer",
        "website": "https://www.instagram.com/niavaranshop82/?hl=en"
      },
      "geometry": {
        "type": "Point",
        "coordinates": [
          49.5784414,
          37.2777395
        ]
      },
      "id": "node/8574649042"
    },
    {
      "type": "Feature",
      "properties": {
        "@id": "node/8621585053",
        "brand": "Maadiran",
        "name": "فروشگاه مرکزی مادیران همدان",
        "opening_hours": "10:00-22:00",
        "operator": "مادیران",
        "payment:cash": "yes",
        "payment:credit_cards": "yes",
        "phone": "+98 81 38283222",
        "shop": "computer",
        "website": "https://www.maadiran.com/"
      },
      "geometry": {
        "type": "Point",
        "coordinates": [
          48.512702,
          34.7908056
        ]
      },
      "id": "node/8621585053"
    },
    {
      "type": "Feature",
      "properties": {
        "@id": "node/8648888202",
        "addr:city": "چابهار",
        "addr:city:en": "chabahar",
        "addr:street": "بلوار امام خمینی",
        "email": "emisar2010@gmail.com",
        "name": "ایوب کامپیوتر Ayub Computer 2",
        "opening_hours": "Sa-Th 08:30-14:00,15:30-21:00",
        "operator": "MohSen Mos",
        "payment:cards": "yes",
        "payment:cash": "yes",
        "payment:cryptocurrencies": "yes",
        "phone": "+985435330738",
        "shop": "computer",
        "website": "https://wa.me/989159951330"
      },
      "geometry": {
        "type": "Point",
        "coordinates": [
          60.656608,
          25.2923205
        ]
      },
      "id": "node/8648888202"
    },
    {
      "type": "Feature",
      "properties": {
        "@id": "node/8719476830",
        "name": "فروشگاه لپ تاپ کرمانشاه",
        "name:en": "Laptop Kermanshah Store",
        "operator": "محمد رضا فتحی",
        "payment:cash": "yes",
        "phone": "+989187381483",
        "shop": "computer"
      },
      "geometry": {
        "type": "Point",
        "coordinates": [
          47.1552512,
          34.3640451
        ]
      },
      "id": "node/8719476830"
    },
    {
      "type": "Feature",
      "properties": {
        "@id": "node/8730186177",
        "name": "میناب دیتا",
        "shop": "computer"
      },
      "geometry": {
        "type": "Point",
        "coordinates": [
          57.0823965,
          27.1391812
        ]
      },
      "id": "node/8730186177"
    },
    {
      "type": "Feature",
      "properties": {
        "@id": "node/8797680840",
        "addr:city": "شیراز",
        "addr:street": "بلوار دکتر شریعتی",
        "name": "گروه طراحی و توسعه سپند",
        "opening_hours": "24/7",
        "payment:paypal": "yes",
        "phone": "+987136238393",
        "shop": "computer",
        "website": "https://sepand.company"
      },
      "geometry": {
        "type": "Point",
        "coordinates": [
          52.4693396,
          29.6843822
        ]
      },
      "id": "node/8797680840"
    },
    {
      "type": "Feature",
      "properties": {
        "@id": "node/8815178033",
        "addr:city": "تهران",
        "addr:street": "خیابان قزوین خیابان شهید نعیمی کوچه رهنما خانقاه پنجم پلاک ۴۷",
        "name": "استوک لپ (علی اکبری)",
        "opening_hours": "Mo-Su 10:00-21:30",
        "operator": "استوک لپ علی اکبری",
        "payment:cash": "yes",
        "phone": "+98 912 599 2697",
        "shop": "computer"
      },
      "geometry": {
        "type": "Point",
        "coordinates": [
          51.3749959,
          35.6666199
        ]
      },
      "id": "node/8815178033"
    },
    {
      "type": "Feature",
      "properties": {
        "@id": "node/8828342680",
        "name": "ماشین های اداری نوین",
        "shop": "computer"
      },
      "geometry": {
        "type": "Point",
        "coordinates": [
          57.0746289,
          27.1602311
        ]
      },
      "id": "node/8828342680"
    },
    {
      "type": "Feature",
      "properties": {
        "@id": "node/8841706018",
        "internet_access": "wlan",
        "name": "لوازم جانبی کامپیوتر اووینت",
        "name:en": "Ovnet.ir",
        "opening_hours": "24/7",
        "shop": "computer"
      },
      "geometry": {
        "type": "Point",
        "coordinates": [
          49.6865662,
          34.0888214
        ]
      },
      "id": "node/8841706018"
    },
    {
      "type": "Feature",
      "properties": {
        "@id": "node/8867714984",
        "addr:city": "هشتگرد",
        "addr:street": "بلوار امام خمینی",
        "name": "آواک نت",
        "opening_hours": "Sa-Th 10:00-21:00",
        "payment:cash": "yes",
        "payment:credit_cards": "yes",
        "phone": "+98 936 556 635009123676403",
        "shop": "computer",
        "website": "https://Avaknet.com/"
      },
      "geometry": {
        "type": "Point",
        "coordinates": [
          50.69362,
          35.9510082
        ]
      },
      "id": "node/8867714984"
    },
    {
      "type": "Feature",
      "properties": {
        "@id": "node/8879936873",
        "addr:city": "تهران",
        "addr:street": "خیابان انقلاب، خیابان بهار جنوبی، مجتمع اداری و تجاری بهار",
        "name": "کریپتالین",
        "payment:cash": "yes",
        "payment:credit_cards": "yes",
        "phone": "+98 21 2842 8934",
        "shop": "computer",
        "website": "https://www.cryptalin.com/"
      },
      "geometry": {
        "type": "Point",
        "coordinates": [
          51.4287702,
          35.703101
        ]
      },
      "id": "node/8879936873"
    },
    {
      "type": "Feature",
      "properties": {
        "@id": "node/8892267117",
        "name": "پردازشگران",
        "phone": "+98 905 706 0248",
        "shop": "computer"
      },
      "geometry": {
        "type": "Point",
        "coordinates": [
          51.5463166,
          35.7557434
        ]
      },
      "id": "node/8892267117"
    },
    {
      "type": "Feature",
      "properties": {
        "@id": "node/8928518086",
        "name": "فروشگاه مدرن کامپیوتر",
        "opening_hours": "Sa-Th 09:00-22:00",
        "phone": "+989021002289",
        "shop": "computer"
      },
      "geometry": {
        "type": "Point",
        "coordinates": [
          53.556308,
          28.495311
        ]
      },
      "id": "node/8928518086"
    },
    {
      "type": "Feature",
      "properties": {
        "@id": "node/8928534326",
        "name": "ویرا سیستم",
        "phone": "+989032354141",
        "shop": "computer",
        "website": "https://www.instagram.com/virapc_jahrom?r=nametag"
      },
      "geometry": {
        "type": "Point",
        "coordinates": [
          53.5597317,
          28.5006636
        ]
      },
      "id": "node/8928534326"
    },
    {
      "type": "Feature",
      "properties": {
        "@id": "node/8939384581",
        "name": "مجتمع فنی تهران پایتخت",
        "shop": "computer"
      },
      "geometry": {
        "type": "Point",
        "coordinates": [
          51.3891527,
          35.7011449
        ]
      },
      "id": "node/8939384581"
    },
    {
      "type": "Feature",
      "properties": {
        "@id": "node/8950523975",
        "addr:city": "تهران",
        "addr:housenumber": "433",
        "addr:postcode": "1437773679",
        "addr:street": "صادق آئینه وند",
        "name": "Jita Apple Store",
        "opening_hours": "24/7",
        "operator": "Engineer Maleki",
        "payment:cash": "yes",
        "phone": "+989012332711",
        "shop": "computer"
      },
      "geometry": {
        "type": "Point",
        "coordinates": [
          51.3981998,
          35.7446057
        ]
      },
      "id": "node/8950523975"
    },
    {
      "type": "Feature",
      "properties": {
        "@id": "node/8971673725",
        "addr:city": "کرج",
        "addr:street": "چالوس",
        "name": "هایپر دیجیتال زیبا پرداز",
        "name:en": "Ziba Pardaz Digital HyperMarket",
        "operator": "Jami",
        "phone": "+982632222525",
        "shop": "computer",
        "website": "http://zibapardaz.com/"
      },
      "geometry": {
        "type": "Point",
        "coordinates": [
          51.0075741,
          35.8126752
        ]
      },
      "id": "node/8971673725"
    },
    {
      "type": "Feature",
      "properties": {
        "@id": "node/8977505623",
        "addr:city": "کرج",
        "addr:street": "نبش ولیعصر 5",
        "brand": "Safir",
        "description": "نمایندگی چاپگر های سامسونگ ، کنون ، اچ پی و ... تعمیرات و خدمات تخصصی ماشین های اداری و لپ تاپ و رایانه های شخصی نصب نرم افزار های تخصصی و غیر تخصصی برنامه نویسی ، شبکه ، تعمیرات ، کنسول",
        "name": "ماشین های اداری سفیر",
        "name:en": "Safir Office Machinery And Supplies",
        "opening_hours": "Mo-Su 09:00-21:00",
        "operator": "Saeid Kiani Fotovat",
        "payment:cash": "yes",
        "payment:credit_cards": "yes",
        "phone": "+982634452187",
        "shop": "computer",
        "website": "https://4safir.com/"
      },
      "geometry": {
        "type": "Point",
        "coordinates": [
          50.9695775,
          35.8283584
        ]
      },
      "id": "node/8977505623"
    },
    {
      "type": "Feature",
      "properties": {
        "@id": "node/9017517215",
        "contact:phone": "+982188939519",
        "contact:website": "http://iliasystem.net",
        "name": "ایلیاسیستم",
        "opening_hours": "09:00-18:00",
        "shop": "computer",
        "source": "note"
      },
      "geometry": {
        "type": "Point",
        "coordinates": [
          51.4072269,
          35.7105971
        ]
      },
      "id": "node/9017517215"
    },
    {
      "type": "Feature",
      "properties": {
        "@id": "node/9104584254",
        "addr:city": "سمنان",
        "addr:street": "انقلاب اسلامی",
        "level": "0",
        "name": "خانه کامپیوتر",
        "phone": "+98 937 148 9655",
        "shop": "computer"
      },
      "geometry": {
        "type": "Point",
        "coordinates": [
          53.3732721,
          35.5935295
        ]
      },
      "id": "node/9104584254"
    },
    {
      "type": "Feature",
      "properties": {
        "@id": "node/9225858880",
        "name": "خدمات کامپیوتر رایمند سیستم",
        "shop": "computer"
      },
      "geometry": {
        "type": "Point",
        "coordinates": [
          54.3379454,
          31.8802573
        ]
      },
      "id": "node/9225858880"
    },
    {
      "type": "Feature",
      "properties": {
        "@id": "node/9231753675",
        "addr:city": "qazvin",
        "addr:housenumber": "1",
        "addr:street": "بلوار آیت الله مدنی",
        "name": "ویرا رایانه",
        "opening_hours": "Mo-Fr 08:00-21:00",
        "operator": "نجفی",
        "payment:cash": "yes",
        "phone": "+982833337576",
        "shop": "computer",
        "website": "www.hichashop.com"
      },
      "geometry": {
        "type": "Point",
        "coordinates": [
          50.0132597,
          36.2935022
        ]
      },
      "id": "node/9231753675"
    },
    {
      "type": "Feature",
      "properties": {
        "@id": "node/9259477963",
        "name": "فروشگاه پارس مدیا",
        "shop": "computer"
      },
      "geometry": {
        "type": "Point",
        "coordinates": [
          48.3609557,
          33.5135067
        ]
      },
      "id": "node/9259477963"
    },
    {
      "type": "Feature",
      "properties": {
        "@id": "node/9277532895",
        "name": "کافی نت و لوازم جانبی پارس رایانه",
        "shop": "computer"
      },
      "geometry": {
        "type": "Point",
        "coordinates": [
          49.6031371,
          37.270329
        ]
      },
      "id": "node/9277532895"
    },
    {
      "type": "Feature",
      "properties": {
        "@id": "node/9291462100",
        "addr:city": "شاهین شهر",
        "addr:housenumber": "144",
        "addr:street": "گلدیس فاز 1 بازارچه نگرو",
        "brand": "گیم نت موج",
        "name": "Gamenet Moj گیم نت موج",
        "opening_hours": "Mo-Su 10:00-22:00",
        "operator": "Mojtaba Makhdoumiakram",
        "payment:cash": "yes",
        "payment:debit_cards": "yes",
        "phone": "+989351644466",
        "shop": "computer",
        "website": "https://www.instagram.com/gamenetmoj/"
      },
      "geometry": {
        "type": "Point",
        "coordinates": [
          51.5346888,
          32.8859012
        ]
      },
      "id": "node/9291462100"
    },
    {
      "type": "Feature",
      "properties": {
        "@id": "node/9296538516",
        "addr:city": "دزفول",
        "addr:street": "انقلاب نبش کشاورز",
        "name": "دفتر مهندسی هگزابایت",
        "operator": "مدیریت مهندس امیدیان فرد",
        "phone": "+98 916 757 2687",
        "shop": "computer"
      },
      "geometry": {
        "type": "Point",
        "coordinates": [
          48.3993251,
          32.3745218
        ]
      },
      "id": "node/9296538516"
    },
    {
      "type": "Feature",
      "properties": {
        "@id": "node/9308089595",
        "name": "کامپیوتر یکتا",
        "shop": "computer"
      },
      "geometry": {
        "type": "Point",
        "coordinates": [
          57.4224073,
          36.7089382
        ]
      },
      "id": "node/9308089595"
    },
    {
      "type": "Feature",
      "properties": {
        "@id": "node/9308652592",
        "name": "کامپیوتر محمدی",
        "shop": "computer"
      },
      "geometry": {
        "type": "Point",
        "coordinates": [
          57.4233176,
          36.7087144
        ]
      },
      "id": "node/9308652592"
    },
    {
      "type": "Feature",
      "properties": {
        "@id": "node/9412763908",
        "addr:city": "ساری خیابان فرهنگ",
        "addr:street": "فرهنگ ۲۴",
        "name": "خدمات کامپیوتری رایامین",
        "shop": "computer"
      },
      "geometry": {
        "type": "Point",
        "coordinates": [
          53.066455,
          36.5616752
        ]
      },
      "id": "node/9412763908"
    },
    {
      "type": "Feature",
      "properties": {
        "@id": "node/9456556541",
        "computer:parts": "yes",
        "name": "کامپیوتر پوریا",
        "phone": "+98 911 811 8422; +98 333 661 71",
        "shop": "computer"
      },
      "geometry": {
        "type": "Point",
        "coordinates": [
          53.04485,
          36.5617483
        ]
      },
      "id": "node/9456556541"
    },
    {
      "type": "Feature",
      "properties": {
        "@id": "node/9480554518",
        "addr:city": "شهر خرمدره",
        "addr:housenumber": "322",
        "addr:street": "بلوار اباذر فیروزی",
        "fixme": "add proper tags: payment:دستگاه_پوز_فرو_شگاهی = yes",
        "name": "خدمات کامپیوتری و اینترنتی راینا",
        "opening_hours": "09:00-21:00",
        "opening_hours:covid19": "Mo-Su 9:00-21:00",
        "payment:cards": "yes",
        "payment:cash": "yes",
        "phone": "+98 935 185 4469",
        "shop": "computer"
      },
      "geometry": {
        "type": "Point",
        "coordinates": [
          49.2123863,
          36.1994836
        ]
      },
      "id": "node/9480554518"
    },
    {
      "type": "Feature",
      "properties": {
        "@id": "node/9514002929",
        "level": "1",
        "name": "کیان کامپیوتر",
        "opening_hours": "Mo-We,Sa-Su 09:00-21:00; PH closed; Th 09:00-14:00",
        "phone": "+98 31 3777 5090;+98 31 3775 8010",
        "shop": "computer",
        "wheelchair": "no"
      },
      "geometry": {
        "type": "Point",
        "coordinates": [
          51.6269258,
          32.6240774
        ]
      },
      "id": "node/9514002929"
    },
    {
      "type": "Feature",
      "properties": {
        "@id": "node/9521400570",
        "addr:street": "گلسار، بلوار گیلان، روبروی خیابان 175",
        "name": "فروشگاه لیون کامپیوتر شعبه رشت",
        "payment:cash": "yes",
        "payment:credit_cards": "yes",
        "payment:debit_cards": "yes",
        "phone": "+982191005666",
        "shop": "computer",
        "website": "https://www.lioncomputer.com"
      },
      "geometry": {
        "type": "Point",
        "coordinates": [
          49.5800342,
          37.3109798
        ]
      },
      "id": "node/9521400570"
    },
    {
      "type": "Feature",
      "properties": {
        "@id": "node/9524567629",
        "addr:street": "بلوار ستارخان",
        "name": "اتو سرویس",
        "shop": "computer"
      },
      "geometry": {
        "type": "Point",
        "coordinates": [
          52.4970598,
          29.6294586
        ]
      },
      "id": "node/9524567629"
    },
    {
      "type": "Feature",
      "properties": {
        "@id": "node/9551304238",
        "addr:city": "شیراز",
        "addr:postcode": "7134687492",
        "addr:street": "خیابان معدل غربی",
        "name": "فروشگاه لپ تاپ چی",
        "opening_hours": "Su-Th 09:00-20:00",
        "phone": "+987132318482",
        "shop": "computer",
        "website": "https://www.laptopchi.com/"
      },
      "geometry": {
        "type": "Point",
        "coordinates": [
          52.520316,
          29.628604
        ]
      },
      "id": "node/9551304238"
    },
    {
      "type": "Feature",
      "properties": {
        "@id": "node/9555832883",
        "contact:instagram": "@novinsupport",
        "contact:telegram": "@novinsupportco",
        "contact:whatsapp": "+989136886802",
        "level": "0",
        "name": "نوین ساپورت",
        "phone": "+98 31 3785 1057",
        "shop": "computer"
      },
      "geometry": {
        "type": "Point",
        "coordinates": [
          51.6243119,
          32.6088033
        ]
      },
      "id": "node/9555832883"
    },
    {
      "type": "Feature",
      "properties": {
        "@id": "node/9570456460",
        "addr:city": "شهر تهران",
        "addr:street": "بلوار تهرانسر",
        "brand": "Penobit",
        "email": "info@penobit.com",
        "name": "Penobit",
        "name:fa": "پنوبیت",
        "opening_hours": "Mo-Su 10:00-22:00",
        "operator": "R8",
        "payment:cash": "yes",
        "payment:coins": "yes",
        "payment:credit_cards": "yes",
        "payment:cryptocurrencies": "yes",
        "phone": "+989024005345",
        "shop": "computer",
        "start_date": "2022-10-01",
        "website": "https://penobit.com"
      },
      "geometry": {
        "type": "Point",
        "coordinates": [
          51.2555785,
          35.7019649
        ]
      },
      "id": "node/9570456460"
    },
    {
      "type": "Feature",
      "properties": {
        "@id": "node/9578163715",
        "name": "کامپیوتر",
        "shop": "computer"
      },
      "geometry": {
        "type": "Point",
        "coordinates": [
          51.6155796,
          32.6116722
        ]
      },
      "id": "node/9578163715"
    },
    {
      "type": "Feature",
      "properties": {
        "@id": "node/9642470848",
        "addr:city": "Tehran",
        "addr:housenumber": "پاساژ ابریشم",
        "addr:street": "خیابان ولی عصر",
        "name": "فروشگاه لپ تایم",
        "phone": "+989360704396",
        "shop": "computer"
      },
      "geometry": {
        "type": "Point",
        "coordinates": [
          51.4056617,
          35.7022812
        ]
      },
      "id": "node/9642470848"
    },
    {
      "type": "Feature",
      "properties": {
        "@id": "node/9677616812",
        "name": "رایانه یار",
        "shop": "computer"
      },
      "geometry": {
        "type": "Point",
        "coordinates": [
          51.6849127,
          32.7143194
        ]
      },
      "id": "node/9677616812"
    },
    {
      "type": "Feature",
      "properties": {
        "@id": "node/9687232380",
        "name": "کامپیوتر کیان",
        "shop": "computer"
      },
      "geometry": {
        "type": "Point",
        "coordinates": [
          48.4939829,
          34.8075598
        ]
      },
      "id": "node/9687232380"
    },
    {
      "type": "Feature",
      "properties": {
        "@id": "node/9734686196",
        "contact:mobile": "+98 913 327 6015",
        "contact:phone": "+98 31 3779 0829",
        "name": "ماشین های اداری جواد",
        "shop": "computer"
      },
      "geometry": {
        "type": "Point",
        "coordinates": [
          51.6242407,
          32.6239044
        ]
      },
      "id": "node/9734686196"
    },
    {
      "type": "Feature",
      "properties": {
        "@id": "node/9741758391",
        "name": "خدمات کامپیوتری پگاه",
        "shop": "computer"
      },
      "geometry": {
        "type": "Point",
        "coordinates": [
          47.966828,
          34.0858598
        ]
      },
      "id": "node/9741758391"
    },
    {
      "type": "Feature",
      "properties": {
        "@id": "node/9741792822",
        "name": "خدمات کامپیوتری رستمی",
        "shop": "computer"
      },
      "geometry": {
        "type": "Point",
        "coordinates": [
          47.9725759,
          34.077899
        ]
      },
      "id": "node/9741792822"
    },
    {
      "type": "Feature",
      "properties": {
        "@id": "node/9757995332",
        "name": "نوین رایانه",
        "shop": "computer"
      },
      "geometry": {
        "type": "Point",
        "coordinates": [
          51.6679612,
          32.6500151
        ]
      },
      "id": "node/9757995332"
    },
    {
      "type": "Feature",
      "properties": {
        "@id": "node/9785198517",
        "addr:housenumber": "990",
        "addr:postcode": "55555",
        "addr:street": "آزادگان",
        "email": "b.jafari@asiatech.ir",
        "internet_access": "wlan",
        "name": "اینترنت آسیاتک",
        "name:en": "Asiatech Internet",
        "opening_hours": "Sa-Th 00:00-24:00",
        "phone": "+98 930 592 9897",
        "shop": "computer"
      },
      "geometry": {
        "type": "Point",
        "coordinates": [
          48.6788109,
          31.3214461
        ]
      },
      "id": "node/9785198517"
    },
    {
      "type": "Feature",
      "properties": {
        "@id": "node/9805427958",
        "name": "مرکز کامپیوتر مهر  سیستم",
        "shop": "computer"
      },
      "geometry": {
        "type": "Point",
        "coordinates": [
          52.0165839,
          35.6923839
        ]
      },
      "id": "node/9805427958"
    },
    {
      "type": "Feature",
      "properties": {
        "@id": "node/9821594181",
        "name": "ماشین های اداری عطار",
        "shop": "computer"
      },
      "geometry": {
        "type": "Point",
        "coordinates": [
          51.6332224,
          32.6295943
        ]
      },
      "id": "node/9821594181"
    },
    {
      "type": "Feature",
      "properties": {
        "@id": "node/9823339542",
        "contact:mobile": "+989132120020",
        "name": "لپ تاپ و پرینتر اصفهان دیجیتال",
        "shop": "computer"
      },
      "geometry": {
        "type": "Point",
        "coordinates": [
          51.636416,
          32.6243607
        ]
      },
      "id": "node/9823339542"
    },
    {
      "type": "Feature",
      "properties": {
        "@id": "node/9848934875",
        "description": "نمایندگی ایرانسل و رایتل",
        "name": "کامپیوتر مهستان",
        "operator": "Hamidereza Najafi",
        "phone": "09370580028",
        "shop": "computer"
      },
      "geometry": {
        "type": "Point",
        "coordinates": [
          50.7416592,
          35.9835402
        ]
      },
      "id": "node/9848934875"
    },
    {
      "type": "Feature",
      "properties": {
        "@id": "node/9853256734",
        "addr:city": "دزفول",
        "addr:street": "شریعتی",
        "name": "مرکز کامپیوتر سایبرنت",
        "opening_hours": "Mo-Su 09:30-13:30",
        "operator": "Hojatian",
        "payment:cards": "yes",
        "payment:cash": "yes",
        "payment:coins": "yes",
        "phone": "+989368581439",
        "shop": "computer",
        "website": "https://www.cybernet-shop.ir"
      },
      "geometry": {
        "type": "Point",
        "coordinates": [
          48.4017102,
          32.3826412
        ]
      },
      "id": "node/9853256734"
    },
    {
      "type": "Feature",
      "properties": {
        "@id": "node/9863865857",
        "name": "لوازم جانبی کامپیوتر رایانت",
        "shop": "computer"
      },
      "geometry": {
        "type": "Point",
        "coordinates": [
          51.6530987,
          32.6313727
        ]
      },
      "id": "node/9863865857"
    },
    {
      "type": "Feature",
      "properties": {
        "@id": "node/9875930417",
        "addr:city": "شهر قزوین",
        "addr:housenumber": "201",
        "addr:postcode": "3414951156",
        "addr:street": "بلوار امیرکبیر",
        "name": "اورژانس کامپیوتر قزوین",
        "opening_hours": "24/7",
        "operator": "آرمین سرخوش افشار",
        "payment:cash": "yes",
        "payment:credit_cards": "yes",
        "phone": "+989398810709",
        "shop": "computer",
        "website": "https://ict1.ir/"
      },
      "geometry": {
        "type": "Point",
        "coordinates": [
          50.0228888,
          36.3171038
        ]
      },
      "id": "node/9875930417"
    },
    {
      "type": "Feature",
      "properties": {
        "@id": "node/9880378443",
        "contact:phone": "+983132223213",
        "description": "فلش، هارد...",
        "name": "مرکز پخش شریف",
        "shop": "computer"
      },
      "geometry": {
        "type": "Point",
        "coordinates": [
          51.6698091,
          32.6600879
        ]
      },
      "id": "node/9880378443"
    },
    {
      "type": "Feature",
      "properties": {
        "@id": "node/9902689491",
        "addr:city": "بوشهر",
        "addr:street": "دانش آموز شمالی",
        "description": "فروشگاه کامپیوتر و لپ تاپ دانشجو",
        "email": "daneshjoo101@gmail.com",
        "name": "فروشگاه کامپیوتر دانشجو",
        "opening_hours": "Sa-Th 09:30-13:30, 17:30-21:30",
        "payment:cash": "yes",
        "payment:credit_cards": "yes",
        "phone": "+98 77 3332 8008",
        "shop": "computer"
      },
      "geometry": {
        "type": "Point",
        "coordinates": [
          50.8318102,
          28.9865299
        ]
      },
      "id": "node/9902689491"
    },
    {
      "type": "Feature",
      "properties": {
        "@id": "node/9920471269",
        "name": "پاساژ خوارزمی",
        "shop": "computer"
      },
      "geometry": {
        "type": "Point",
        "coordinates": [
          51.404513,
          35.7062544
        ]
      },
      "id": "node/9920471269"
    },
    {
      "type": "Feature",
      "properties": {
        "@id": "node/9923783391",
        "addr:city": "اصفهان",
        "addr:housenumber": "13",
        "addr:postcode": "8176796171",
        "addr:street": "چهارراه رودکی",
        "name": "ساناکو",
        "name:en": "Sanaco",
        "opening_hours": "شنبه تا چهارشنبه 8:30 الی 17:00 و پنج شنبه 8:30 الی 13:00",
        "phone": "+98 31 9100 9970",
        "shop": "computer"
      },
      "geometry": {
        "type": "Point",
        "coordinates": [
          51.6383918,
          32.6296782
        ]
      },
      "id": "node/9923783391"
    },
    {
      "type": "Feature",
      "properties": {
        "@id": "node/9945394872",
        "description": "کامپیوتر پردازشگران جنوب شرق",
        "ele": "41",
        "name": "مرکز کامپیوتر پردازشگران جنوب شرق",
        "shop": "computer"
      },
      "geometry": {
        "type": "Point",
        "coordinates": [
          60.863282,
          29.500231
        ]
      },
      "id": "node/9945394872"
    },
    {
      "type": "Feature",
      "properties": {
        "@id": "node/9957850533",
        "description": "IT Services & Computer Repair",
        "name": "کافی نت و خدمات کامپیوتری شهبازی",
        "phone": "+98 935 212 1020",
        "shop": "computer",
        "website": "Https://pcmc.ir"
      },
      "geometry": {
        "type": "Point",
        "coordinates": [
          50.9660763,
          35.6900281
        ]
      },
      "id": "node/9957850533"
    },
    {
      "type": "Feature",
      "properties": {
        "@id": "node/10003975567",
        "name": "موبوآذر",
        "shop": "computer"
      },
      "geometry": {
        "type": "Point",
        "coordinates": [
          51.4411063,
          35.6453493
        ]
      },
      "id": "node/10003975567"
    },
    {
      "type": "Feature",
      "properties": {
        "@id": "node/10012311117",
        "addr:housenumber": "69",
        "addr:street": "عبدالله میرزایی",
        "email": "Farahmandtools@gmail.com",
        "name": "ابزار فرهمند",
        "name:en": "Farahmand Tools",
        "opening_hours": "Sa-We 08:30-13:30; Th 00:00-24:00",
        "phone": "+98 21 6670 3012",
        "shop": "computer",
        "website": "http://Farahmandtools.ir"
      },
      "geometry": {
        "type": "Point",
        "coordinates": [
          51.4129496,
          35.6868473
        ]
      },
      "id": "node/10012311117"
    },
    {
      "type": "Feature",
      "properties": {
        "@id": "node/10024595073",
        "addr:city": "شیراز",
        "addr:postcode": "7193613858",
        "addr:street": "خیابان ملاصدرا - خیابان فلسطین، خیابان معدل غربی، پلاک: 165.0، مجتمع تجاری-اداری کسری",
        "description": "لوازم کامپیوتر شیراز در گاما آی تی",
        "internet_access": "wlan",
        "name": "Gamait کامپیوتر",
        "name:fa": "کامپیوتر گاما آی تی",
        "opening_hours": "24/7",
        "operator": "دره شوریان",
        "payment:app": "yes",
        "payment:cash": "yes",
        "payment:credit_cards": "yes",
        "phone": "+98 939 089 9303",
        "shop": "computer"
      },
      "geometry": {
        "type": "Point",
        "coordinates": [
          52.5203927,
          29.6286639
        ]
      },
      "id": "node/10024595073"
    },
    {
      "type": "Feature",
      "properties": {
        "@id": "node/10032830572",
        "addr:city": "کرج",
        "addr:housenumber": "241",
        "addr:street": "خیابان انصار",
        "name": "نرم افزار تخصصی دوربین مداربسته",
        "name:en": "CCTV camera software",
        "name:fa": "نرم افزار تایم لپس با دوربین مداربسته",
        "opening_hours": "24/7",
        "phone": "+98 937 007 1083",
        "shop": "computer",
        "website": "https://intellsoft.ir/"
      },
      "geometry": {
        "type": "Point",
        "coordinates": [
          51.0065778,
          35.8497062
        ]
      },
      "id": "node/10032830572"
    },
    {
      "type": "Feature",
      "properties": {
        "@id": "node/10062499073",
        "brand": "guardiranian",
        "description": "گروه صنعتی گارد ایرانیان چشمی که هرگز پلک نمیزند گروه صنعتی گارد ایرانیان با مدیریت آقایان زرقانی وذوالجلالی دارای  سابقه ی چندین ساله در اجرا و نصب سیستم های امنیتی و نظارتی از جمله دو ربین مدار بسه میباشد. این مجموعه با به کارگیری نیرو ی کارهای  حرفه ا",
        "image": "https://guardiranian.ir/wp-content/uploads/2021/12/IMG_%DB%B2%DB%B0%DB%B2%DB%B1%DB%B0%DB%B7%DB%B3%DB%B1_%DB%B0%DB%B0%DB%B1%DB%B0%DB%B5%DB%B3__1_-removebg-preview-4-Copy-1.png",
        "name": "گارد ایرانیان",
        "note": "گارد ایرانیان چشمی که هرگز پلک نمیزند",
        "number": "09391719637",
        "opening_hours": "Mo-Su 10:00-22:00",
        "operator": "علی ذوالجلالی",
        "payment:card": "yes",
        "payment:cash": "yes",
        "payment:paypal": "yes",
        "phone": "+98 939 171 9637",
        "shop": "computer",
        "website": "https://guardiranian.ir/"
      },
      "geometry": {
        "type": "Point",
        "coordinates": [
          57.6887325,
          36.2163431
        ]
      },
      "id": "node/10062499073"
    },
    {
      "type": "Feature",
      "properties": {
        "@id": "node/10068325742",
        "addr:city": "لاهیجان",
        "addr:street": "خیابان ملت",
        "name": "کامپیوتر و لپ تاپ پیشگامان",
        "opening_hours": "Mo-Su 08:00-21:00",
        "operator": "pishgaman",
        "phone": "+989116107476",
        "shop": "computer"
      },
      "geometry": {
        "type": "Point",
        "coordinates": [
          49.9993944,
          37.2080281
        ]
      },
      "id": "node/10068325742"
    },
    {
      "type": "Feature",
      "properties": {
        "@id": "node/10112008431",
        "contact:instagram": "https://www.instagram.com/computer.iranmanesh/",
        "name": "کامپیوتر و لپ تاپ ایرانمنش",
        "shop": "computer"
      },
      "geometry": {
        "type": "Point",
        "coordinates": [
          56.5719419,
          30.8062905
        ]
      },
      "id": "node/10112008431"
    },
    {
      "type": "Feature",
      "properties": {
        "@id": "node/10132957501",
        "addr:city": "سلماس",
        "name": "توسعه کامپیوتر سلماس",
        "operator": "جلیلی",
        "shop": "computer"
      },
      "geometry": {
        "type": "Point",
        "coordinates": [
          44.7662015,
          38.2010342
        ]
      },
      "id": "node/10132957501"
    },
    {
      "type": "Feature",
      "properties": {
        "@id": "node/10137686098",
        "name": "خدمات کامپیوتر رز",
        "shop": "computer"
      },
      "geometry": {
        "type": "Point",
        "coordinates": [
          51.6789279,
          32.7129741
        ]
      },
      "id": "node/10137686098"
    },
    {
      "type": "Feature",
      "properties": {
        "@id": "node/10222948339",
        "addr:city": "اصفهان",
        "addr:housenumber": "89",
        "addr:street": "طالقانی",
        "name": "پی سی کالا",
        "opening_hours": "Mo-Su 09:00-21:00",
        "operator": "گروه مهندسی لعل فام",
        "payment:cash": "yes",
        "payment:notes": "yes",
        "phone": "+983132355820",
        "shop": "computer"
      },
      "geometry": {
        "type": "Point",
        "coordinates": [
          51.6540972,
          32.65798
        ]
      },
      "id": "node/10222948339"
    },
    {
      "type": "Feature",
      "properties": {
        "@id": "node/10223885095",
        "addr:city": "تهران",
        "addr:street": "موحد دانش",
        "name": "BBO TECH",
        "name:en": "bbo tech",
        "name:fa": "بی بی او تک",
        "opening_hours": "Su-Fr 10:00-21:00",
        "payment:cash": "yes",
        "payment:credit_cards": "yes",
        "phone": "+9981402800",
        "shop": "computer"
      },
      "geometry": {
        "type": "Point",
        "coordinates": [
          51.4754074,
          35.8051144
        ]
      },
      "id": "node/10223885095"
    },
    {
      "type": "Feature",
      "properties": {
        "@id": "node/10227055131",
        "addr:street": "مطهری",
        "name": "خدمات کامپیوتر آن",
        "shop": "computer"
      },
      "geometry": {
        "type": "Point",
        "coordinates": [
          49.4428372,
          37.4770019
        ]
      },
      "id": "node/10227055131"
    },
    {
      "type": "Feature",
      "properties": {
        "@id": "node/10235861255",
        "addr:street": "وهابی شمالی",
        "name": "سان اکسین - سیستم حسابداری فروشگاهی و رستورانی",
        "phone": "+98 61 3338 3307",
        "shop": "computer"
      },
      "geometry": {
        "type": "Point",
        "coordinates": [
          48.6809638,
          31.3538236
        ]
      },
      "id": "node/10235861255"
    },
    {
      "type": "Feature",
      "properties": {
        "@id": "node/10273912004",
        "addr:city": "Karaj",
        "addr:postcode": "76976",
        "addr:street": "شهید علی محمدی",
        "internet_access": "wlan",
        "name": "AdsLتعمیرگاه مودم",
        "opening_hours": "Sa-Th 09:00-21:00",
        "operator": "جواد توپچی",
        "payment:cash": "yes",
        "payment:coins": "yes",
        "payment:credit_cards": "yes",
        "phone": "+98 912 866 7691",
        "shop": "computer"
      },
      "geometry": {
        "type": "Point",
        "coordinates": [
          51.0006581,
          35.8291041
        ]
      },
      "id": "node/10273912004"
    },
    {
      "type": "Feature",
      "properties": {
        "@id": "node/10277876260",
        "addr:city": "اصفهان",
        "addr:housenumber": "89",
        "addr:street": "طالقانی",
        "name": "گروه مهندسی لعل فام",
        "opening_hours": "Mo-Sa 09:00-18:00",
        "operator": "میلاد لعل فامی",
        "phone": "+3132373209",
        "shop": "computer"
      },
      "geometry": {
        "type": "Point",
        "coordinates": [
          51.6540376,
          32.6580229
        ]
      },
      "id": "node/10277876260"
    },
    {
      "type": "Feature",
      "properties": {
        "@id": "node/10289299676",
        "contact:instagram": "https://Instagram.com/xpshop_ir/",
        "description": "2022-05-16 10:11:53 UTC \nonosm.org submitted note from a business:\nname: فروشگاه اکس پی \nphone: 09334844146\nwebsite: https://Instagram.com/xpshop_ir/\ntwitter: \nfacebook: \nemail: xpshop4200@gmail.com\nhours: شنبه تا پنجشنبه 9صبح تا 9شب\ncategory: Computers",
        "name": "فروشگاه اکس‌پی",
        "opening_hours": "Mo-Th, Sa, Su 09:00-21:00",
        "phone": "+98-9334844146",
        "shop": "computer"
      },
      "geometry": {
        "type": "Point",
        "coordinates": [
          60.8633006,
          29.5006385
        ]
      },
      "id": "node/10289299676"
    },
    {
      "type": "Feature",
      "properties": {
        "@id": "node/10314249357",
        "name": "فروشگاه کامپیوتر هشت",
        "shop": "computer"
      },
      "geometry": {
        "type": "Point",
        "coordinates": [
          50.8579311,
          35.7864768
        ]
      },
      "id": "node/10314249357"
    },
    {
      "type": "Feature",
      "properties": {
        "@id": "node/10314572136",
        "name": "فارس شایگان (نمایندگی شایگان سیستم)",
        "opening_hours": "Mo-Sa 08:00-18:00",
        "phone": "+987132360052",
        "shop": "computer",
        "website": "https://fars-shygun.com/"
      },
      "geometry": {
        "type": "Point",
        "coordinates": [
          52.5232688,
          29.6250143
        ]
      },
      "id": "node/10314572136"
    },
    {
      "type": "Feature",
      "properties": {
        "@id": "node/10315066688",
        "name": "امور مشترکین ایرانسل",
        "shop": "computer"
      },
      "geometry": {
        "type": "Point",
        "coordinates": [
          50.0098301,
          36.2990044
        ]
      },
      "id": "node/10315066688"
    },
    {
      "type": "Feature",
      "properties": {
        "@id": "node/10574097705",
        "addr:city": "Shahin Shahr",
        "addr:housenumber": "110",
        "addr:street": "رازی ۴ شرقی",
        "name": "رادمان شبکه سپاهان",
        "opening_hours": "9 am to 5 am",
        "operator": "Other",
        "phone": "+98 31 4527 9037",
        "shop": "computer"
      },
      "geometry": {
        "type": "Point",
        "coordinates": [
          51.5430345,
          32.8588344
        ]
      },
      "id": "node/10574097705"
    },
    {
      "type": "Feature",
      "properties": {
        "@id": "node/10583053906",
        "email": "shia_haq@yahoo.com",
        "internet_access": "wlan",
        "name": "qoqnus rayaneh",
        "name:fa": "ققنوس رایانه",
        "phone": "+98 71 5356 0506",
        "shop": "computer",
        "website": "https://www.100kharid.ir/"
      },
      "geometry": {
        "type": "Point",
        "coordinates": [
          54.5451501,
          28.7508323
        ]
      },
      "id": "node/10583053906"
    },
    {
      "type": "Feature",
      "properties": {
        "@id": "node/10604325969",
        "email": "abbas1970@gmail.com",
        "name": "فروشگاه دید برتر کلیشاد",
        "phone": "+983137482519",
        "shop": "computer",
        "website": "www.didbartarklishad.com"
      },
      "geometry": {
        "type": "Point",
        "coordinates": [
          51.5239846,
          32.5547349
        ]
      },
      "id": "node/10604325969"
    },
    {
      "type": "Feature",
      "properties": {
        "@id": "node/10685304015",
        "description": "طراحی و پشتیبانی و ب سایت ، سئو و خدمات فناوری اطلاعات",
        "image": "https://aragrp.com/wp-content/uploads/2022/12/%D8%B7%D8%B1%D8%A7%D8%AD%DB%8C-%D8%B3%D8%A7%DB%8C%D8%AA1.jpg",
        "mobile": "+98 913 550 2791",
        "name": "شرکت طراحی سایت امین رایان",
        "phone": "+98 31 3220 8628",
        "shop": "computer",
        "website": "https://aragrp.com/"
      },
      "geometry": {
        "type": "Point",
        "coordinates": [
          51.6690852,
          32.650622
        ]
      },
      "id": "node/10685304015"
    },
    {
      "type": "Feature",
      "properties": {
        "@id": "node/10699595428",
        "name": "شدرم کامپیوتر",
        "shop": "computer"
      },
      "geometry": {
        "type": "Point",
        "coordinates": [
          54.9676748,
          36.4251504
        ]
      },
      "id": "node/10699595428"
    },
    {
      "type": "Feature",
      "properties": {
        "@id": "node/10775519416",
        "name": "مرکز تعمیرات و فروش لپ‌تاپ چارسو",
        "opening_hours": "Sa-Th 09:00-21:00",
        "phone": "+989114034037",
        "repair": "yes",
        "shop": "computer",
        "source": "Note 316120"
      },
      "geometry": {
        "type": "Point",
        "coordinates": [
          49.5917668,
          37.2713549
        ]
      },
      "id": "node/10775519416"
    },
    {
      "type": "Feature",
      "properties": {
        "@id": "node/10839458392",
        "name": "مرکز کامپیوتر و لپ تاپ سپاهان تجهیز نصف جهان",
        "shop": "computer"
      },
      "geometry": {
        "type": "Point",
        "coordinates": [
          51.7509216,
          32.6474695
        ]
      },
      "id": "node/10839458392"
    },
    {
      "type": "Feature",
      "properties": {
        "@id": "node/10846211719",
        "addr:city": "نکا",
        "addr:street": "خیابان شهرداری",
        "name": "هایپر کانکت",
        "operator": "Mohammad Hoseinpour",
        "phone": "01144405455",
        "shop": "computer"
      },
      "geometry": {
        "type": "Point",
        "coordinates": [
          53.2985217,
          36.6494859
        ]
      },
      "id": "node/10846211719"
    },
    {
      "type": "Feature",
      "properties": {
        "@id": "node/10893524857",
        "name": "کامپیوتر سایبر",
        "shop": "computer"
      },
      "geometry": {
        "type": "Point",
        "coordinates": [
          49.5988827,
          37.282744
        ]
      },
      "id": "node/10893524857"
    },
    {
      "type": "Feature",
      "properties": {
        "@id": "node/10901427567",
        "addr:city": "دهدشت",
        "addr:postcode": "7571763975",
        "addr:street": "خیابان فردوسی شمالی",
        "air_conditioning": "yes",
        "contact:instagram": "https://instagram.com/avant_garde_digital?igshid=ZWIzMWE5ZmU3Zg==",
        "mobile": "09059113414",
        "name": "فروشگاه آوانگارد دیجیتال",
        "name:fa": "Avant Garde Digital  کامپیوتر,موبایل,جانبی",
        "opening_hours": "Mo-Su 09:00-21:00",
        "operator": "M0ji",
        "payment:cash": "yes",
        "payment:credit_cards": "yes",
        "phone": "07432265761",
        "shop": "computer",
        "technology": "PS5,PS4,"
      },
      "geometry": {
        "type": "Point",
        "coordinates": [
          50.564586,
          30.7953783
        ]
      },
      "id": "node/10901427567"
    },
    {
      "type": "Feature",
      "properties": {
        "@id": "node/10921334022",
        "addr:city": "Tehran",
        "addr:housenumber": "134",
        "addr:postcode": "1598977616",
        "addr:street": "سپهبد قرنی",
        "air_conditioning": "yes",
        "brand": "فروشگاه ماشین های اداری پرسپولیس",
        "description": "“گروه ماشین های اداری پرسپولیس” دارنده برند دبل ایکس ( Double X ) بعد از گذشت ۴۰ سال سابقه فروشگاهی در زمینه ماشین آلات اداری در سال ۱۳۹۱ اقدام به فروش و عرضه محصولات خود در دنیای مجازی نمود.ماشین های اداری دبل ایکس در صنف ماشین آلات اداری حضور موفقی دا",
        "ele": "0",
        "email": "info@double-x.co",
        "image": "https://double-x.co/wp-content/uploads/2022/08/arm.jpg",
        "internet_access": "yes",
        "internet_access:fee": "customers",
        "level": "0",
        "name": "فروشگاه ماشین های اداری دبل ایکس",
        "note": "دبل ایکس یکی از برند های فروشگاه ماشین های اداری پرسپولیس می باشد.",
        "opening_hours": "Mo-Fr 09:00-18:00",
        "operator": "دادستان",
        "payment:app": "yes",
        "payment:cash": "yes",
        "payment:cheque": "yes",
        "payment:debit_cards": "yes",
        "phone": "+982188803377",
        "second_hand": "no",
        "shop": "computer",
        "stroller": "yes",
        "website": "https://double-x.co",
        "wheelchair": "yes"
      },
      "geometry": {
        "type": "Point",
        "coordinates": [
          51.4181077,
          35.7088669
        ]
      },
      "id": "node/10921334022"
    },
    {
      "type": "Feature",
      "properties": {
        "@id": "node/10933792473",
        "addr:city": "مراغه",
        "addr:housenumber": "199",
        "addr:postcode": "5513614163",
        "addr:street": "قدس",
        "internet_access": "wlan",
        "name": "خدمات کامپیوتری مدیا",
        "name:en": "Media Computer Service",
        "opening_hours": "Su-Th 10:00-14:30,16:30-21:30",
        "payment:cash": "yes",
        "payment:debit_cards": "yes",
        "phone": "0984137217642",
        "shop": "computer",
        "website": "https://instagram.com/media__computer"
      },
      "geometry": {
        "type": "Point",
        "coordinates": [
          46.232056,
          37.3896607
        ]
      },
      "id": "node/10933792473"
    },
    {
      "type": "Feature",
      "properties": {
        "@id": "node/10936696539",
        "addr:city": "تهران",
        "addr:country": "IR",
        "addr:housenumber": "8103",
        "addr:street": "ولی عصر، تقاطع خیابان طالقانی، مجتمع تجاری و اداری نور",
        "email": "info@behansystem.com",
        "name": "بهان سیستم",
        "name:en": "Behansystem",
        "opening_hours": "Sa-We 11:00-17:00; Th 11:00-15:00",
        "payment:cards": "yes",
        "payment:cash": "yes",
        "phone": "+982188226041",
        "shop": "computer",
        "website": "https://behansystem.com/"
      },
      "geometry": {
        "type": "Point",
        "coordinates": [
          51.4057245,
          35.7070943
        ]
      },
      "id": "node/10936696539"
    },
    {
      "type": "Feature",
      "properties": {
        "@id": "node/10942117458",
        "addr:city": "تهران",
        "addr:housenumber": "125",
        "addr:street": "نامجو",
        "name": "Shahr Computer",
        "operator": "عباس عابدی",
        "payment:cash": "yes",
        "payment:credit_cards": "yes",
        "phone": "02177689810",
        "second_hand": "yes",
        "shop": "computer",
        "website": "https://shahrcomputer.com"
      },
      "geometry": {
        "type": "Point",
        "coordinates": [
          51.4414798,
          35.7020957
        ]
      },
      "id": "node/10942117458"
    },
    {
      "type": "Feature",
      "properties": {
        "@id": "node/10947499049",
        "addr:city": "تهران",
        "addr:housenumber": "20",
        "addr:street": "خیابان صدو نودو دوم",
        "email": "aldigitall.com@gmail.com",
        "name": "فروشگاه آل دیجیتال دات کام",
        "note": "فروشگاه آل دیجیتال کالای دیجیتال و لوازم جانبی موبایل",
        "opening_hours": "Mo-Su 08:30-17:30",
        "operator": "آل دیجیتال",
        "payment:cash": "yes",
        "phone": "02191014644",
        "shop": "computer",
        "website": "https://aldigitall.com"
      },
      "geometry": {
        "type": "Point",
        "coordinates": [
          51.5411798,
          35.7410092
        ]
      },
      "id": "node/10947499049"
    },
    {
      "type": "Feature",
      "properties": {
        "@id": "node/10955992151",
        "addr:city": "زنجان",
        "addr:street": "میدان یاس",
        "description": "خدمات کامپیوتری Rmk (میثم)\nانجام کلیه ثبت نام های\nکشنده - باری - کمپرسی - کامیونت و سواری\nلوازم جانبی موبایل و کامپیوتر\nاسمبل سیستم های گیمینگ و سرور\nانجام کلیه خدمات اینترنتی\nبانک جامع نرم افزاری\nپیامک تبلیغاتی\nطراحی و چاپ انواع کارت ویزیت پوستر لیبل\nو..",
        "internet_access": "wlan",
        "mobile": "09104818238",
        "name": "فروشگاه RMK",
        "opening_hours": "sa-th 9:30-22:00",
        "operator": "میثم قرجه لو",
        "payment:cash": "yes",
        "payment:coins": "yes",
        "payment:credit_cards": "yes",
        "payment:debit_cards": "yes",
        "payment:notes": "yes",
        "phone": "989104818238+",
        "shop": "computer",
        "start_date": "1396",
        "website": "https://instagram.com/RMK.Movie"
      },
      "geometry": {
        "type": "Point",
        "coordinates": [
          48.4663047,
          36.701111
        ]
      },
      "id": "node/10955992151"
    },
    {
      "type": "Feature",
      "properties": {
        "@id": "node/10967878367",
        "name": "باران رایانه (خدمات کامپیوتری، اینترنتی و چاپ)",
        "name:en": "Baran Rayane PC Store and Service",
        "shop": "computer"
      },
      "geometry": {
        "type": "Point",
        "coordinates": [
          49.5987101,
          37.3002187
        ]
      },
      "id": "node/10967878367"
    },
    {
      "type": "Feature",
      "properties": {
        "@id": "node/10973296463",
        "addr:city": "شهر تهران",
        "addr:housenumber": "19",
        "addr:postcode": "1966684714",
        "addr:street": "گیتی",
        "name": "ابر ویراک",
        "opening_hours": "Sa-We 09:00-15:00",
        "operator": "VirakCloud",
        "phone": "+982191555530",
        "shop": "computer",
        "website": "https://virakcloud.com"
      },
      "geometry": {
        "type": "Point",
        "coordinates": [
          51.4224678,
          35.7842282
        ]
      },
      "id": "node/10973296463"
    },
    {
      "type": "Feature",
      "properties": {
        "@id": "node/10985202391",
        "name": "کسب و کار اینترنتی سافت ری",
        "shop": "computer"
      },
      "geometry": {
        "type": "Point",
        "coordinates": [
          51.4265922,
          35.5934747
        ]
      },
      "id": "node/10985202391"
    },
    {
      "type": "Feature",
      "properties": {
        "@id": "node/10992149234",
        "check_date": "2023-06-20",
        "name": "خدمات کامپیوتری و اینترنتی تم",
        "shop": "computer"
      },
      "geometry": {
        "type": "Point",
        "coordinates": [
          52.5001087,
          29.5865841
        ]
      },
      "id": "node/10992149234"
    },
    {
      "type": "Feature",
      "properties": {
        "@id": "node/10994125821",
        "name": "کلان کامپیوتر",
        "public": "yes",
        "shop": "computer"
      },
      "geometry": {
        "type": "Point",
        "coordinates": [
          51.4055273,
          35.7049293
        ]
      },
      "id": "node/10994125821"
    },
    {
      "type": "Feature",
      "properties": {
        "@id": "node/11005735222",
        "name": "پلاس رایانه",
        "shop": "computer"
      },
      "geometry": {
        "type": "Point",
        "coordinates": [
          48.3614007,
          33.5135817
        ]
      },
      "id": "node/11005735222"
    },
    {
      "type": "Feature",
      "properties": {
        "@id": "node/11009889476",
        "addr:city": "ساوه",
        "addr:housenumber": "123",
        "addr:postcode": "3913774345",
        "addr:street": "شریعتی ۴",
        "currency:others": "yes",
        "email": "iranian.computer3636@gmail.com",
        "name": "مرکز کامپیوتر ایرانیان",
        "opening_hours": "Sa-Th 09:00-13:30,17:00-21:00",
        "operator": "میثم نظری",
        "payment:cash": "yes",
        "payment:credit_cards": "yes",
        "payment:debit_cards": "yes",
        "phone": "09808642225008",
        "second_hand": "yes",
        "shop": "computer",
        "website": "https://instagram.com/iranian_saveh/"
      },
      "geometry": {
        "type": "Point",
        "coordinates": [
          50.357356,
          35.0223618
        ]
      },
      "id": "node/11009889476"
    },
    {
      "type": "Feature",
      "properties": {
        "@id": "node/11016170465",
        "addr:city": "آمل",
        "addr:housenumber": "جنب مجتمع تابان",
        "addr:postcode": "4615768711",
        "addr:street": "خیابان هراز آفتاب 1",
        "contact:facebook": "www.instagram.com/404tech_shop",
        "description": "کامپیوتر ، موبایل ، کنسول بازی ، گیمینگ computer , Mobile , Console , Gaming",
        "email": "404technologycenter@gmail.com",
        "image": "https://s8.uupload.ir/files/2023_02_19_12_56_img_8102_qdra.jpg",
        "internet_access": "yes",
        "name": "فروشگاه تکنولوژی ۴۰۴",
        "opening_hours": "09:00-21:00 sa-th",
        "operator": "پرویزی عمران",
        "payment:cash": "yes",
        "payment:credit_cards": "yes",
        "phone": "981144445404+",
        "second_hand": "yes",
        "shop": "computer",
        "website": "https://www.404shop.ir/"
      },
      "geometry": {
        "type": "Point",
        "coordinates": [
          52.3503074,
          36.4698828
        ]
      },
      "id": "node/11016170465"
    },
    {
      "type": "Feature",
      "properties": {
        "@id": "node/11030158605",
        "name": "فروشگاه تهران رایان",
        "opening_hours": "Sa-We 11:00-19:00; Th 11:00-16:00",
        "shop": "computer"
      },
      "geometry": {
        "type": "Point",
        "coordinates": [
          51.3891326,
          35.6996152
        ]
      },
      "id": "node/11030158605"
    },
    {
      "type": "Feature",
      "properties": {
        "@id": "node/11034083380",
        "name": "نگار سیستم",
        "shop": "computer"
      },
      "geometry": {
        "type": "Point",
        "coordinates": [
          54.0358981,
          32.2425519
        ]
      },
      "id": "node/11034083380"
    },
    {
      "type": "Feature",
      "properties": {
        "@id": "node/11046360785",
        "name": "پارسیس پشتیبان",
        "phone": "+983132647430",
        "shop": "computer"
      },
      "geometry": {
        "type": "Point",
        "coordinates": [
          51.7069932,
          32.6436328
        ]
      },
      "id": "node/11046360785"
    },
    {
      "type": "Feature",
      "properties": {
        "@id": "node/11049773359",
        "addr:city": "تهران",
        "addr:housenumber": "پلاک 50 - واحد 6",
        "addr:street": "وحید دستگردی",
        "description": "تعمیرات موبایل\nفلش\nریجستر\nآنلاک\nFrp lock\nقفل جیمیل\nقفل frp\nفارسی سازی موبایل\nکاستوم رام\nخرید و فروش موبایل و تبلت\nتعمیرات نوت بوک و کامپیوتر\nنصب ویندوز و نرم افزار\nخرید و فروش کامپیوتر و لپ تاپ\nتعمیرات پرینتر لیزری\nتعمیرات مانیتور LCD و LED\nلوازم جانبی",
        "name": "کامپیوتر امید",
        "opening_hours": "9:00 - 21:00",
        "payment:cash": "yes",
        "payment:credit_cards": "yes",
        "phone": "+982122900026",
        "shop": "computer"
      },
      "geometry": {
        "type": "Point",
        "coordinates": [
          51.4396532,
          35.7647943
        ]
      },
      "id": "node/11049773359"
    },
    {
      "type": "Feature",
      "properties": {
        "@id": "node/11072539443",
        "addr:city": "تهران",
        "addr:place": "میدان فاطمی, جنب بیمارستان شهرام, مجتمع کامپیوتر هدیه, طبقه همکف",
        "description": "فروش پروژکتور",
        "image": "http://www.ejra.net",
        "name": "دنیای پروژکتور",
        "payment:cash": "yes",
        "phone": "+982188967600",
        "shop": "computer",
        "website": "http://www.ejra.net"
      },
      "geometry": {
        "type": "Point",
        "coordinates": [
          51.4067264,
          35.7206485
        ]
      },
      "id": "node/11072539443"
    },
    {
      "type": "Feature",
      "properties": {
        "@id": "node/11074957866",
        "addr:street": "ابن سینا",
        "name": "پیکسل رایانه",
        "phone": "+987152248470",
        "shop": "computer"
      },
      "geometry": {
        "type": "Point",
        "coordinates": [
          54.3176167,
          27.6474551
        ]
      },
      "id": "node/11074957866"
    },
    {
      "type": "Feature",
      "properties": {
        "@id": "node/11076036432",
        "check_date": "2023-07-29",
        "name": "خدمات کامپیوتر قرمز",
        "shop": "computer"
      },
      "geometry": {
        "type": "Point",
        "coordinates": [
          52.510324,
          29.5986243
        ]
      },
      "id": "node/11076036432"
    },
    {
      "type": "Feature",
      "properties": {
        "@id": "node/11078370091",
        "shop": "computer"
      },
      "geometry": {
        "type": "Point",
        "coordinates": [
          50.1562604,
          33.0793993
        ]
      },
      "id": "node/11078370091"
    },
    {
      "type": "Feature",
      "properties": {
        "@id": "node/11085307107",
        "addr:city": "شهرضا",
        "addr:street": "بوستان، چهارراه صاحب الزمان",
        "name": "بازرگانی هیوارو",
        "operator": "محمد خزایی نژاد",
        "phone": "03153220794",
        "shop": "computer"
      },
      "geometry": {
        "type": "Point",
        "coordinates": [
          51.8599195,
          32.0119532
        ]
      },
      "id": "node/11085307107"
    },
    {
      "type": "Feature",
      "properties": {
        "@id": "node/11099482667",
        "addr:housenumber": "390",
        "addr:street": "Dardasht",
        "mobile": "+989207895998",
        "name": "کامپیوتر پارسیان",
        "name:en": "Parsian Computer",
        "opening_hours": "Mo-Su 09:00-21:00",
        "phone": "+982177895998",
        "shop": "computer"
      },
      "geometry": {
        "type": "Point",
        "coordinates": [
          51.5029101,
          35.7293701
        ]
      },
      "id": "node/11099482667"
    },
    {
      "type": "Feature",
      "properties": {
        "@id": "node/11101045574",
        "name": "رایان کلیک",
        "name:en": "RayanClick",
        "phone": "+981734432002",
        "shop": "computer",
        "website": "https://mytc.ir/click/"
      },
      "geometry": {
        "type": "Point",
        "coordinates": [
          54.0686931,
          36.8928112
        ]
      },
      "id": "node/11101045574"
    },
    {
      "type": "Feature",
      "properties": {
        "@id": "node/11104801131",
        "addr:city": "تهران",
        "addr:street": "سی متری نیروی هوایی نبش 7/38میرزایی گرگانی",
        "description": "اورژانس کامپیوتر-ارائه دهنده کلیه خدمات کامپیوتر و موبایل و کنسول بازی سخت افزار و نرم افزار فروش انواع موبایل تبلت لپ تاپ و لوازم جانبی",
        "mobile": "09123184028",
        "name": "اورژانس کامپیوتر",
        "opening_hours": "Mo-Su 09:00-21:00",
        "operator": "اقای باطنی",
        "payment:cash": "yes",
        "payment:credit_cards": "yes",
        "phone": "021-77409775",
        "shop": "computer"
      },
      "geometry": {
        "type": "Point",
        "coordinates": [
          51.4886011,
          35.7040728
        ]
      },
      "id": "node/11104801131"
    },
    {
      "type": "Feature",
      "properties": {
        "@id": "node/11113591291",
        "addr:city": "تهران",
        "addr:housenumber": "34",
        "addr:street": "ولی عصر",
        "name": "فروشگاه وایرشاپ",
        "opening_hours": "شنبه تا پنجشنبه از ساعت 10 الی 19",
        "operator": "WireshopTeam",
        "phone": "+982166485010-11",
        "shop": "computer"
      },
      "geometry": {
        "type": "Point",
        "coordinates": [
          51.4031499,
          35.7028977
        ]
      },
      "id": "node/11113591291"
    },
    {
      "type": "Feature",
      "properties": {
        "@id": "node/11115666025",
        "addr:city": "dezful",
        "addr:postcode": "6461147591",
        "addr:street": "سلمان فارسی",
        "mobile": "09168189616",
        "name": "جوهر رایانه",
        "name:en": "Joharrayaneh",
        "phone": "+9806142234084",
        "shop": "computer"
      },
      "geometry": {
        "type": "Point",
        "coordinates": [
          48.4053798,
          32.367951
        ]
      },
      "id": "node/11115666025"
    },
    {
      "type": "Feature",
      "properties": {
        "@id": "node/11129484577",
        "addr:city": "سمنان",
        "addr:street": "کنارگذر بسیج",
        "name": "صبا رایانه",
        "opening_hours": "Sa-Th 08:30-14:00; Sa-Th 16:30-21:00; ",
        "operator": "محمدرضا سعدالله",
        "phone": "+982333458093",
        "shop": "computer",
        "website": "https://sabasemnan.com"
      },
      "geometry": {
        "type": "Point",
        "coordinates": [
          53.3843768,
          35.587174
        ]
      },
      "id": "node/11129484577"
    },
    {
      "type": "Feature",
      "properties": {
        "@id": "node/11132181453",
        "addr:city": "Bonab",
        "addr:postcode": "5551353948",
        "addr:street": "بعثت ۱۱",
        "description": "فروش، سرویس و تعمیرات کامپیوتر و لپ تاپ انواع لوازم جانبی کامپیوتر و موبایل تعمیرات لوازم الکترونیکی و لحیم کاری فتوکپی و پرینت / انواع لوازم التحریر نمایندگی رسمی اینترنت مخابرات دوربین مداربسته و دزدگیر اماکن",
        "email": "Rayantak9@gmail.com",
        "name": "فروشگاه و خدمات کامپیوتری معلم (رایان تک)",
        "opening_hours": "Sa-Th 09:00-14:00,16:00-21:00",
        "operator": "میرکاظم میرنسل",
        "payment:cash": "yes",
        "payment:credit_cards": "yes",
        "phone": "+984137768437, +989147627489, +989143200969",
        "shop": "computer"
      },
      "geometry": {
        "type": "Point",
        "coordinates": [
          46.071354,
          37.3449296
        ]
      },
      "id": "node/11132181453"
    },
    {
      "type": "Feature",
      "properties": {
        "@id": "node/11135467722",
        "addr:city": "اصفهان",
        "addr:street": "چهار باغ بالا",
        "mobile": "+989190375627",
        "name": "کانکت سیستم",
        "opening_hours": "10:00-22:00",
        "phone": "+9803131316017",
        "shop": "computer",
        "toilets": "yes",
        "website": "https://www.connectsystem.ir",
        "wheelchair": "yes"
      },
      "geometry": {
        "type": "Point",
        "coordinates": [
          51.6664162,
          32.6391671
        ]
      },
      "id": "node/11135467722"
    },
    {
      "type": "Feature",
      "properties": {
        "@id": "node/11143263783",
        "addr:city": "tabriz",
        "addr:street": "امام خمینی",
        "name": "مرکز کامپیوتری رایاناپ",
        "opening_hours": "09:00-21:30",
        "phone": "0984133362651",
        "shop": "computer"
      },
      "geometry": {
        "type": "Point",
        "coordinates": [
          46.3156411,
          38.0684622
        ]
      },
      "id": "node/11143263783"
    },
    {
      "type": "Feature",
      "properties": {
        "@id": "node/11146674706",
        "addr:city": "Tehran",
        "addr:housenumber": "14",
        "addr:postcode": "1587668311",
        "addr:street": "سوم",
        "name": "سام رایان پرداد",
        "opening_hours": "sa-th 08-17",
        "phone": "+982152754000",
        "shop": "computer"
      },
      "geometry": {
        "type": "Point",
        "coordinates": [
          51.4219426,
          35.72533
        ]
      },
      "id": "node/11146674706"
    },
    {
      "type": "Feature",
      "properties": {
        "@id": "node/11162385342",
        "addr:city": "قوچان",
        "addr:street": "حافظ",
        "email": "A.gazeran@gmail.com",
        "internet_access": "yes",
        "name": "خدمات کامپیوتری امین",
        "opening_hours": "24/7",
        "operator": "امین گازران",
        "payment:cash": "yes",
        "payment:credit_cards": "yes",
        "phone": "0989151807266",
        "shop": "computer",
        "website": "@A.gazeran"
      },
      "geometry": {
        "type": "Point",
        "coordinates": [
          58.5167731,
          37.1062192
        ]
      },
      "id": "node/11162385342"
    },
    {
      "type": "Feature",
      "properties": {
        "@id": "node/11169242274",
        "name": "پارس مموری",
        "shop": "computer"
      },
      "geometry": {
        "type": "Point",
        "coordinates": [
          47.0650511,
          34.3332372
        ]
      },
      "id": "node/11169242274"
    },
    {
      "type": "Feature",
      "properties": {
        "@id": "node/11181773344",
        "addr:city": "شهر تهران",
        "addr:postcode": "1416799494",
        "addr:street": "ولی عصر",
        "name": "فروشگاه مگاهرتز",
        "opening_hours": "Sa-Th 10:00-19:00",
        "operator": "محمد حسین ذاکری",
        "payment:cash": "yes",
        "phone": "+982186097041",
        "shop": "computer"
      },
      "geometry": {
        "type": "Point",
        "coordinates": [
          51.405731,
          35.7074588
        ]
      },
      "id": "node/11181773344"
    },
    {
      "type": "Feature",
      "properties": {
        "@id": "node/11187445080",
        "addr:city": "آبسرد",
        "addr:street": "بلوار امام خمینی",
        "air_conditioning": "yes",
        "brand": "Sound Core JBL Logitech A4tech ASUS MSI LENOVO HP DELL ADATA",
        "name": "خدمات کامپیوتری ویرا",
        "name:en": "Vira Computer",
        "operator": "مهدی رزقی",
        "payment:cash": "yes",
        "payment:credit_cards": "yes",
        "phone": "+989394200585",
        "shop": "computer"
      },
      "geometry": {
        "type": "Point",
        "coordinates": [
          52.1534265,
          35.6214725
        ]
      },
      "id": "node/11187445080"
    },
    {
      "type": "Feature",
      "properties": {
        "@id": "node/11197661196",
        "addr:city": "تهران",
        "addr:housenumber": "22",
        "addr:street": "دمشق",
        "air_conditioning": "yes",
        "email": "info@bazarsoo.ir",
        "mobile": "+989125198348",
        "name": "رایان نگار (بازار سو)",
        "note": "لطفا قبل از مراجعه به فروشگاه  سفارش خود را ثبت کنید.\nساعات کاری:\n\nشنبه تا چهارشنبه از ساعت ۱۰:۰۰ تا ساعت ۱۹:۰۰\n\nپنجشنبه ازساعت ۱۰:۰۰ تا ساعت ۱۸:۰۰\n\nآدرس: شهرتهران - خیابان ولیعصر نرسیده به میدان ولیعصر خیابان دمشق پلاک۲۲ طبقه دوم واحد۴",
        "operator": "وحید مظاهری",
        "payment:cash": "yes",
        "payment:credit_cards": "yes",
        "phone": "۰۲۱۸۸۹۳۶۱۸۰",
        "shop": "computer",
        "website": "https://bazarsoo.ir"
      },
      "geometry": {
        "type": "Point",
        "coordinates": [
          51.4046678,
          35.7088728
        ]
      },
      "id": "node/11197661196"
    },
    {
      "type": "Feature",
      "properties": {
        "@id": "node/11201679638",
        "addr:city": "تبریز",
        "addr:postcode": "5154936833",
        "addr:street": "میدان قطب",
        "name": "Beta Pc Lap بتا پی سی لپ",
        "operator": "Hamid Mardomi",
        "phone": "+989141098039",
        "shop": "computer"
      },
      "geometry": {
        "type": "Point",
        "coordinates": [
          46.3107672,
          38.0701914
        ]
      },
      "id": "node/11201679638"
    },
    {
      "type": "Feature",
      "properties": {
        "@id": "node/11201810684",
        "addr:city": "کرمانشاه",
        "addr:housenumber": "0",
        "addr:postcode": "6715664544",
        "addr:street": "خیابان دانشگاه",
        "name": "طراحی سایت کرمانشاه - دویکس",
        "opening_hours": "24/7",
        "operator": "دویکس",
        "phone": "+988338361599",
        "shop": "computer"
      },
      "geometry": {
        "type": "Point",
        "coordinates": [
          47.0887262,
          34.3348502
        ]
      },
      "id": "node/11201810684"
    },
    {
      "type": "Feature",
      "properties": {
        "@id": "node/11205308965",
        "name": "AvvalStock",
        "shop": "computer",
        "website": "https://avvalstock.com/"
      },
      "geometry": {
        "type": "Point",
        "coordinates": [
          51.4068261,
          35.7123719
        ]
      },
      "id": "node/11205308965"
    },
    {
      "type": "Feature",
      "properties": {
        "@id": "node/11207987624",
        "addr:street": "شیخ فضل الله نوری",
        "name": "ماشین های اداری فرهیخته نگار",
        "operator": "آقای بصیری",
        "phone": "+989181612696",
        "shop": "computer"
      },
      "geometry": {
        "type": "Point",
        "coordinates": [
          49.695655,
          34.0902801
        ]
      },
      "id": "node/11207987624"
    },
    {
      "type": "Feature",
      "properties": {
        "@id": "node/11213058233",
        "check_date": "2023-09-23",
        "name": "اینسیس رایانه",
        "shop": "computer"
      },
      "geometry": {
        "type": "Point",
        "coordinates": [
          52.4960351,
          29.6158347
        ]
      },
      "id": "node/11213058233"
    },
    {
      "type": "Feature",
      "properties": {
        "@id": "node/11218192818",
        "name": "رویال پلاس",
        "shop": "computer"
      },
      "geometry": {
        "type": "Point",
        "coordinates": [
          51.3908441,
          35.7017797
        ]
      },
      "id": "node/11218192818"
    },
    {
      "type": "Feature",
      "properties": {
        "@id": "node/11289029701",
        "name": "ماشین های اداری ایران",
        "shop": "computer"
      },
      "geometry": {
        "type": "Point",
        "coordinates": [
          48.5118009,
          34.7858237
        ]
      },
      "id": "node/11289029701"
    },
    {
      "type": "Feature",
      "properties": {
        "@id": "node/11294010569",
        "addr:city": "شیراز",
        "addr:full": "شیراز خیابان ملاصدرا پاساژ ملاصدرا",
        "addr:housenumber": "37",
        "addr:postcode": "71936-13859",
        "addr:street": "کوچه ۲ ملاصدرا",
        "contact:instagram": "idea.laptop",
        "name": "مرکز کامپیوتر ایده",
        "opening_hours": "Sa-Th 09:00-21:00",
        "operator": "Rasool Delroba",
        "payment:cash": "yes",
        "payment:debit_cards": "yes",
        "phone": "+98 71 3647 3030",
        "shop": "computer",
        "website": "https://www.idealaptop.com"
      },
      "geometry": {
        "type": "Point",
        "coordinates": [
          52.5197972,
          29.6298652
        ]
      },
      "id": "node/11294010569"
    },
    {
      "type": "Feature",
      "properties": {
        "@id": "node/11295450135",
        "addr:full": "شیراز .خیابان زند .روبروی خیام . مجتمع تجاری مسعود طبقه اول شرکت فناوران فارس",
        "addr:postcode": "71357-34746",
        "level": "1",
        "name": "تعمیرگاه لپ تاپ فناوران",
        "phone": "+98 938 938 3595",
        "shop": "computer"
      },
      "geometry": {
        "type": "Point",
        "coordinates": [
          52.535421,
          29.6224704
        ]
      },
      "id": "node/11295450135"
    },
    {
      "type": "Feature",
      "properties": {
        "@id": "node/11336432598",
        "name": "کامپیوتر مرکزی (رئوفی)",
        "phone": "+98 912 893 6956; +98 912 893 7947",
        "repair": "yes",
        "shop": "computer"
      },
      "geometry": {
        "type": "Point",
        "coordinates": [
          52.6062208,
          27.4809061
        ]
      },
      "id": "node/11336432598"
    },
    {
      "type": "Feature",
      "properties": {
        "@id": "node/11338918487",
        "name": "محصولات فرهنگی سینا",
        "opening_hours": "24/7",
        "payment:telephone_cards": "yes",
        "phone": "+989962995620",
        "shop": "computer"
      },
      "geometry": {
        "type": "Point",
        "coordinates": [
          57.3278191,
          37.4780923
        ]
      },
      "id": "node/11338918487"
    },
    {
      "type": "Feature",
      "properties": {
        "@id": "node/11356151456",
        "name": "اصفهان هاست",
        "shop": "computer",
        "website": "https://www.esfahanhost.com/"
      },
      "geometry": {
        "type": "Point",
        "coordinates": [
          51.7032412,
          32.6669445
        ]
      },
      "id": "node/11356151456"
    },
    {
      "type": "Feature",
      "properties": {
        "@id": "node/11361377817",
        "addr:city": "شیراز",
        "addr:housenumber": "8",
        "addr:street": "جهانگردی",
        "name": "خدمات کامپیوتر آلفا سیستم",
        "opening_hours": "Mo-Su 09:00-21:00",
        "operator": "آلفا سیستم",
        "phone": "+989379494310",
        "shop": "computer",
        "website": "http://alfasys.blogfa.com/"
      },
      "geometry": {
        "type": "Point",
        "coordinates": [
          52.5699285,
          29.6095763
        ]
      },
      "id": "node/11361377817"
    },
    {
      "type": "Feature",
      "properties": {
        "@id": "node/11361896686",
        "name": "هایپر الکترونیک",
        "shop": "computer"
      },
      "geometry": {
        "type": "Point",
        "coordinates": [
          49.591278,
          37.3049383
        ]
      },
      "id": "node/11361896686"
    },
    {
      "type": "Feature",
      "properties": {
        "@id": "node/11371809518",
        "addr:city": "شیراز",
        "addr:housename": "مجتمع تجاری صدف",
        "addr:street": "خیابان لطفعلی خان زند",
        "check_date": "2023-10-31",
        "level": "0",
        "name": "مرکز کامپیوتر پلی استیشن شیراز",
        "phone": "+98 917 336 2861",
        "shop": "computer"
      },
      "geometry": {
        "type": "Point",
        "coordinates": [
          52.5304976,
          29.618883
        ]
      },
      "id": "node/11371809518"
    },
    {
      "type": "Feature",
      "properties": {
        "@id": "node/11381297210",
        "addr:city": "اهواز",
        "addr:full": "صددستگاه مرکز خرید ایار طبقه 2 واحد 36",
        "addr:housenumber": "36",
        "addr:postcode": "6178748145",
        "addr:street": "کنارگذر بلوار معلم",
        "name": "پارسا سیستم خدمات کامپیوتر لپ تاپ موبایل پرینتر لوازم جانبی",
        "opening_hours": "شنبه تا چهارشنبه 17:30 الی 23:00 - پنج شنبه 9:30 الی 23:00 - جمعه 18:30 الی 23:00",
        "operator": "شاهرخی",
        "phone": "09167399092",
        "shop": "computer"
      },
      "geometry": {
        "type": "Point",
        "coordinates": [
          48.7158133,
          31.2926344
        ]
      },
      "id": "node/11381297210"
    },
    {
      "type": "Feature",
      "properties": {
        "@id": "node/11411758553",
        "description": "خدمات تعمیر رایانه",
        "name": "فروشگاه مدرن سیستم",
        "shop": "computer"
      },
      "geometry": {
        "type": "Point",
        "coordinates": [
          50.8698415,
          36.7801341
        ]
      },
      "id": "node/11411758553"
    },
    {
      "type": "Feature",
      "properties": {
        "@id": "node/11412679486",
        "name": "نت لند",
        "shop": "computer"
      },
      "geometry": {
        "type": "Point",
        "coordinates": [
          51.4617049,
          35.7908731
        ]
      },
      "id": "node/11412679486"
    },
    {
      "type": "Feature",
      "properties": {
        "@id": "node/11425629801",
        "addr:city": "لنگرود",
        "addr:street": "سید جمال الدین اسد آبادی",
        "name": "دیجیتال سنتر",
        "opening_hours": "Sa-Th 08:00-20:00",
        "phone": "01342523821",
        "shop": "computer"
      },
      "geometry": {
        "type": "Point",
        "coordinates": [
          50.1503592,
          37.1961701
        ]
      },
      "id": "node/11425629801"
    },
    {
      "type": "Feature",
      "properties": {
        "@id": "node/11483261367",
        "addr:street": "Shahid Tayebi",
        "description": "مرکز فروش انواع لوازم دیجیتال",
        "name": "رایان دیجیتال",
        "opening_hours": "Mo-Su 09:00-20:00",
        "phone": "+989374226136",
        "shop": "computer",
        "website": "https://rd.mr-hib.ir"
      },
      "geometry": {
        "type": "Point",
        "coordinates": [
          48.8177276,
          32.2445438
        ]
      },
      "id": "node/11483261367"
    },
    {
      "type": "Feature",
      "properties": {
        "@id": "node/11503456169",
        "name": "موبایل و کامپیوتر مهدی",
        "shop": "computer"
      },
      "geometry": {
        "type": "Point",
        "coordinates": [
          51.5353152,
          35.7367959
        ]
      },
      "id": "node/11503456169"
    },
    {
      "type": "Feature",
      "properties": {
        "@id": "node/11508080993",
        "addr:city": "نسترن 102",
        "addr:street": "خیابان اهری",
        "name": "ایران رایانه تکنولوژی برتر",
        "opening_hours": "24/7",
        "operator": "محمد خادمی سعادت پور",
        "phone": "09354238888",
        "shop": "computer"
      },
      "geometry": {
        "type": "Point",
        "coordinates": [
          51.0168281,
          35.7406828
        ]
      },
      "id": "node/11508080993"
    },
    {
      "type": "Feature",
      "properties": {
        "@id": "node/11508183764",
        "addr:city": "ارومیه",
        "addr:housenumber": "13",
        "addr:postcode": "5714617668",
        "addr:street": "khayyam",
        "name": "تافا (توسعه اندیشان فناوری امن)",
        "opening_hours": "08:00-18:00",
        "phone": "+984432232566",
        "shop": "computer"
      },
      "geometry": {
        "type": "Point",
        "coordinates": [
          45.0716117,
          37.5411714
        ]
      },
      "id": "node/11508183764"
    },
    {
      "type": "Feature",
      "properties": {
        "@id": "node/11510420470",
        "addr:city": "قائمشهر",
        "addr:street": "خیابان امام خمینی (بابل) ، کوچه تلار 17 (اخوان) ، نبش اخوان 4",
        "contact:mobile": "09112234415",
        "description": "فروش کامپیوتر ، لپ تاپ ، دوربین مدار بسته و سایر تجهیزات حوزه آی تی و سرگرمی تعمیرات کامپیوتر ، لپ تاپ ، مانیتور و پرینتر خانگی",
        "name": "فروشگاه کامپیوتر و لپ تاپ پارسیان سیستم",
        "opening_hours": "Sa-Th 09:00-13:30 , 16:30-20:30",
        "operator": "فرمانبردار",
        "payment:cash": "yes",
        "payment:cheque": "yes",
        "phone": "01142259366",
        "shop": "computer",
        "website": "http://parsian-system.com/"
      },
      "geometry": {
        "type": "Point",
        "coordinates": [
          52.8489902,
          36.4648464
        ]
      },
      "id": "node/11510420470"
    },
    {
      "type": "Feature",
      "properties": {
        "@id": "node/11513264747",
        "addr:city": "نی ریز",
        "addr:housenumber": "طبقه اول",
        "addr:postcode": "7491837170",
        "addr:street": "بلوار ولیعصر",
        "name": "کامپیوتر مهرگان",
        "opening_hours": "Sa-Th 08:00-20:00",
        "operator": "حمیدی",
        "payment:cards": "yes",
        "payment:cash": "yes",
        "phone": "+98 71 53836855",
        "shop": "computer"
      },
      "geometry": {
        "type": "Point",
        "coordinates": [
          54.3213259,
          29.2013365
        ]
      },
      "id": "node/11513264747"
    },
    {
      "type": "Feature",
      "properties": {
        "@id": "node/11513751882",
        "addr:city": "تهران",
        "addr:housenumber": "124",
        "addr:street": "جمشید رویان",
        "name": "خدمات کامپیوتری رویان رایانه",
        "operator": "بختیاری",
        "phone": "+982126145429",
        "shop": "computer"
      },
      "geometry": {
        "type": "Point",
        "coordinates": [
          51.4733472,
          35.7352973
        ]
      },
      "id": "node/11513751882"
    },
    {
      "type": "Feature",
      "properties": {
        "@id": "node/11514326129",
        "addr:city": "تبریز",
        "addr:street": "یاغچیان نور",
        "name": "SanAyPC کامپیوتر سان آی",
        "phone": "09144032990",
        "shop": "computer"
      },
      "geometry": {
        "type": "Point",
        "coordinates": [
          46.3799871,
          38.0314693
        ]
      },
      "id": "node/11514326129"
    },
    {
      "type": "Feature",
      "properties": {
        "@id": "node/11521153512",
        "name": "دلان رایان",
        "phone": "08337293345",
        "shop": "computer"
      },
      "geometry": {
        "type": "Point",
        "coordinates": [
          47.0628906,
          34.306052
        ]
      },
      "id": "node/11521153512"
    },
    {
      "type": "Feature",
      "properties": {
        "@id": "node/11527553510",
        "addr:city": "شهر بیرجند",
        "addr:postcode": "۹۷۱۸۷۱۶۵۸۵",
        "addr:street": "نبش مدرس 57، طبقه -۱",
        "brand": "حسام رایانه",
        "description": "تعمیر و فروش کامپیوتر و لوازم جانبی",
        "internet_access": "yes",
        "level": "-1",
        "name": "حسام رایانه",
        "opening_hours": "Mo-Su 09:00-21:00",
        "operator": "حسام باقری",
        "phone": "+989158650939",
        "second_hand": "yes",
        "shop": "computer"
      },
      "geometry": {
        "type": "Point",
        "coordinates": [
          59.2173553,
          32.8469113
        ]
      },
      "id": "node/11527553510"
    },
    {
      "type": "Feature",
      "properties": {
        "@id": "node/11528864362",
        "addr:city": "شیراز",
        "addr:housename": "مجتمع تجاری کسری",
        "addr:postcode": "71346-87751",
        "addr:street": "معدل غربی",
        "addr:unit": "108",
        "contact:instagram": "viramemory",
        "email": "vira.memory@gmail.com",
        "name": "مرکز حافظه ویرا",
        "name:en": "Vira Memory",
        "opening_hours": "Sa-We 09:00-14:00, 16:30-20:30; Th 09:00-14:00; Fr off",
        "phone": "+98 917 917 2502",
        "shop": "computer",
        "website": "https://vira-mc.ir"
      },
      "geometry": {
        "type": "Point",
        "coordinates": [
          52.5202925,
          29.628667
        ]
      },
      "id": "node/11528864362"
    },
    {
      "type": "Feature",
      "properties": {
        "@id": "node/11528864364",
        "addr:city": "شیراز",
        "addr:street": "خیابان قصردشت",
        "name": "خدمات کامپیوتری میلاد",
        "name:en": "Milad PC Service",
        "opening_hours": "09:00-14:00, 17:00-21:00",
        "phone": "+98 903 560 7254",
        "shop": "computer",
        "wheelchair": "no"
      },
      "geometry": {
        "type": "Point",
        "coordinates": [
          52.5151802,
          29.6250531
        ]
      },
      "id": "node/11528864364"
    },
    {
      "type": "Feature",
      "properties": {
        "@id": "node/11536239107",
        "addr:city": "اردبیل",
        "addr:housenumber": "362",
        "addr:street": "خیابان دکتر احمد نایبی",
        "name": "ایده آل رایانه",
        "opening_hours": "Sa-Fr 09:00-14:00,16:00-22:00",
        "payment:cash": "yes",
        "phone": "+984533241349",
        "shop": "computer"
      },
      "geometry": {
        "type": "Point",
        "coordinates": [
          48.2847696,
          38.2448394
        ]
      },
      "id": "node/11536239107"
    },
    {
      "type": "Feature",
      "properties": {
        "@id": "node/11539601303",
        "name": "کامپیوتر رایان پرداز",
        "shop": "computer"
      },
      "geometry": {
        "type": "Point",
        "coordinates": [
          57.0718088,
          30.2956855
        ]
      },
      "id": "node/11539601303"
    },
    {
      "type": "Feature",
      "properties": {
        "@id": "node/11540078291",
        "addr:city": "تهران",
        "addr:housenumber": "86",
        "addr:postcode": "1593739788",
        "addr:street": "فیروزه",
        "currency:IRR": "yes",
        "name": "کهکشان رایانه",
        "opening_hours": "Sa-We 10:00-18:00; Th 10:00-13:00",
        "payment:credit_cards": "yes",
        "phone": "+982154785000;+982191094812",
        "phone:UA": "+982191098618",
        "shop": "computer",
        "website": "https://pkr-co.ir"
      },
      "geometry": {
        "type": "Point",
        "coordinates": [
          51.406967,
          35.7093159
        ]
      },
      "id": "node/11540078291"
    },
    {
      "type": "Feature",
      "properties": {
        "@id": "node/11543938542",
        "addr:city": "شیراز",
        "addr:street": "شهیداقایی",
        "contact:instagram": "smart.kala",
        "name": "کامپیوتر اسمارت کالا",
        "name:en": "Smart Kala Computer",
        "phone": "+98 917 263 3616",
        "shop": "computer",
        "website": "https://smartkala.net/"
      },
      "geometry": {
        "type": "Point",
        "coordinates": [
          52.4812026,
          29.6230468
        ]
      },
      "id": "node/11543938542"
    },
    {
      "type": "Feature",
      "properties": {
        "@id": "node/11557709640",
        "addr:city": "بندرعباس",
        "addr:housenumber": "نبش دانشگاه 9",
        "addr:street": "دانشگاه ۹",
        "name": "لپ تاپ خوب",
        "opening_hours": "Mo-Su 10:00-22:00",
        "operator": "حیدری نسب",
        "phone": "+9807633673237",
        "shop": "computer"
      },
      "geometry": {
        "type": "Point",
        "coordinates": [
          56.3416092,
          27.2071441
        ]
      },
      "id": "node/11557709640"
    },
    {
      "type": "Feature",
      "properties": {
        "@id": "node/11563451736",
        "addr:city": "اصفهان",
        "addr:housenumber": "4",
        "addr:postcode": "8156166499",
        "addr:street": "مسجد علی",
        "branch": "دفتر مرکزی",
        "brand": "Acsan",
        "email": "info@acsan.ir",
        "image": "https://acsan.ir/CmsFiles/acsan.ir/Images/4c8f968c-84fb-4e7c-81d4-6708917b3b32.jpg",
        "mobile": "09392882004",
        "name": "گروه نرم افزاری آکسان",
        "opening_hours": "09:30-18:30",
        "operator": "آکسان",
        "payment:app": "yes",
        "payment:cash": "yes",
        "phone": "03135252498",
        "shop": "computer",
        "website": "https://acsan.ir"
      },
      "geometry": {
        "type": "Point",
        "coordinates": [
          51.7496963,
          32.6564331
        ]
      },
      "id": "node/11563451736"
    },
    {
      "type": "Feature",
      "properties": {
        "@id": "node/11574577400",
        "addr:city": "شیراز",
        "addr:street": "خیابان ملاصدرا",
        "contact:instagram": "computer_pejvak",
        "name": "پژواک کامپیوتر",
        "name:en": "Pejvak Computer",
        "phone": "+98 71 3234 9318;+98 936 207 0046",
        "shop": "computer"
      },
      "geometry": {
        "type": "Point",
        "coordinates": [
          52.518248,
          29.6262924
        ]
      },
      "id": "node/11574577400"
    },
    {
      "type": "Feature",
      "properties": {
        "@id": "node/11577384164",
        "addr:city": "قائن",
        "addr:housenumber": "1",
        "addr:street": "جانبازان یکم",
        "contact:facebook": "https://facebook.com/SabcModern",
        "currency:IRR": "yes",
        "email": "Info@Sabc.ir",
        "mobile": "+989028100250",
        "name": "شرکت سبک مدرن | فروشگاه تخصصی سبک مدرن (کامپیوتر و لپتاپ،موبایل، الکترونیک)",
        "opening_hours": "Sa-Th 10am to 10pm",
        "operator": "Sabc Modern",
        "payment:credit_cards": "yes",
        "phone": "+985691001012",
        "shop": "computer",
        "website": "https://Sabc.ir"
      },
      "geometry": {
        "type": "Point",
        "coordinates": [
          59.1900737,
          33.727621
        ]
      },
      "id": "node/11577384164"
    },
    {
      "type": "Feature",
      "properties": {
        "@id": "node/11588943786",
        "addr:city": "تهران",
        "addr:street": "ولی عصر",
        "addr:unit": "305",
        "level": "-3",
        "name": "گروه مهندسی مهدیا ویژن",
        "opening_hours": "Sa-We 11:00-17:00",
        "payment:app": "yes",
        "payment:cash": "yes",
        "payment:contactless": "yes",
        "phone": "+98 21 91325205",
        "shop": "computer"
      },
      "geometry": {
        "type": "Point",
        "coordinates": [
          51.4052337,
          35.7049203
        ]
      },
      "id": "node/11588943786"
    },
    {
      "type": "Feature",
      "properties": {
        "@id": "node/11599074612",
        "addr:city": "شیراز",
        "addr:postcode": "71857-10860",
        "addr:street": "بلوار امیرکبیر پاساژ ایرانیان",
        "name": "شیراز رایان",
        "opening_hours": "ST-TH 09:00-21:00",
        "operator": "عباسی",
        "payment:کارت_بانکی": "yes",
        "phone": "00989178883828",
        "shop": "computer"
      },
      "geometry": {
        "type": "Point",
        "coordinates": [
          52.4745717,
          29.6158813
        ]
      },
      "id": "node/11599074612"
    },
    {
      "type": "Feature",
      "properties": {
        "@id": "node/11602349133",
        "addr:city": "نیشابور",
        "addr:postcode": "0514",
        "addr:street": "فردوسی شمالی",
        "description": "ارائه خدمات نرم افزاری و خرید و فروش قطعات کامپیوتر ولپ تاپ",
        "name": "کلبه کامپیوتر",
        "opening_hours": "Mo-Su 10:00-21:00",
        "operator": "فروشگاه کامپیوتر",
        "payment:cards": "yes",
        "payment:cash": "yes",
        "phone": "05142250060",
        "shop": "computer"
      },
      "geometry": {
        "type": "Point",
        "coordinates": [
          58.7990112,
          36.2034841
        ]
      },
      "id": "node/11602349133"
    },
    {
      "type": "Feature",
      "properties": {
        "@id": "node/11618352144",
        "name": "فروشگاه یونی تک",
        "phone": "02166913048",
        "shop": "computer"
      },
      "geometry": {
        "type": "Point",
        "coordinates": [
          51.3907338,
          35.7017621
        ]
      },
      "id": "node/11618352144"
    },
    {
      "type": "Feature",
      "properties": {
        "@id": "node/11682985918",
        "addr:city": "تهران",
        "addr:housenumber": "705A",
        "addr:postcode": "19169763715",
        "addr:street": "بلوار میرداماد - مجتمع تجاری پایتخت",
        "name": "مرکز خدمات تخصصی اپل i-Phone.ir",
        "opening_hours": "10:00-20:00",
        "operator": "i-phone.ir",
        "phone": "+9888872936",
        "shop": "computer"
      },
      "geometry": {
        "type": "Point",
        "coordinates": [
          51.4109523,
          35.7629074
        ]
      },
      "id": "node/11682985918"
    },
    {
      "type": "Feature",
      "properties": {
        "@id": "node/11710418026",
        "addr:city": "شیراز",
        "addr:housename": "پاساژ ملاصدرا",
        "addr:housenumber": "51-52",
        "addr:street": "خیابان ملاصدرا-پاساژ ملاصدرا",
        "email": "info@markazi.co",
        "mobile": "+989199196264",
        "name": "کامپیوتر مرکزی",
        "name:en": "Computer Markazi",
        "opening_hours": "Sa-Th 09:00-14:00 , 17:00-21:00",
        "operator": "برادران عظیمی",
        "payment:cash": "yes",
        "payment:credit_cards": "yes",
        "phone": "+987132317242",
        "shop": "computer",
        "website": "https://markazi.co"
      },
      "geometry": {
        "type": "Point",
        "coordinates": [
          52.519913,
          29.6296955
        ]
      },
      "id": "node/11710418026"
    },
    {
      "type": "Feature",
      "properties": {
        "@id": "node/11715037630",
        "name": "فروشگاه سپاهان تاپ",
        "opening_hours": "08:00-23:00",
        "phone": "09100070036",
        "shop": "computer"
      },
      "geometry": {
        "type": "Point",
        "coordinates": [
          51.5873441,
          32.7157444
        ]
      },
      "id": "node/11715037630"
    },
    {
      "type": "Feature",
      "properties": {
        "@id": "node/11717315231",
        "addr:city": "ملایر",
        "addr:housenumber": "1",
        "addr:postcode": "6571913113",
        "addr:street": "خیابان خیام",
        "branch": "asus",
        "name": "ComputerAmin",
        "operator": "Ali",
        "payment:cards": "yes",
        "payment:cash": "yes",
        "payment:credit_cards": "yes",
        "phone": "+988132223610",
        "power": "line",
        "shop": "computer"
      },
      "geometry": {
        "type": "Point",
        "coordinates": [
          48.8231573,
          34.2932318
        ]
      },
      "id": "node/11717315231"
    },
    {
      "type": "Feature",
      "properties": {
        "@id": "node/11736605144",
        "addr:city": "ملارد",
        "addr:street": "۱۹",
        "name": "آموزشگاه کامپیوتر وموسیقی دهقان",
        "operator": "دهقان",
        "phone": "02165163084",
        "shop": "computer"
      },
      "geometry": {
        "type": "Point",
        "coordinates": [
          50.9719016,
          35.6975735
        ]
      },
      "id": "node/11736605144"
    },
    {
      "type": "Feature",
      "properties": {
        "@id": "node/11765868547",
        "addr:city": "رشت",
        "addr:street": "بلوار حبیب زاده",
        "name": "تسکو شاپ گیلان",
        "phone": "+981333549199",
        "shop": "computer"
      },
      "geometry": {
        "type": "Point",
        "coordinates": [
          49.5669057,
          37.2716025
        ]
      },
      "id": "node/11765868547"
    },
    {
      "type": "Feature",
      "properties": {
        "@id": "node/11776234768",
        "addr:city": "شهر قم",
        "addr:housenumber": "106",
        "addr:street": "بلوار آیت الله کاشانی",
        "branch": "کامپیوتر و کافی‌نت",
        "brand": "fix IT center",
        "name": "Fix IT",
        "name:fa": "فیکس آی-تی",
        "opening_hours": "Mo-Su 09:00-22:00",
        "operator": "خدمات کامپیوتری و کافی نت",
        "payment:cards": "yes",
        "payment:cash": "yes",
        "payment:credit_cards": "yes",
        "phone": "09198687578",
        "shop": "computer"
      },
      "geometry": {
        "type": "Point",
        "coordinates": [
          50.8662774,
          34.6571315
        ]
      },
      "id": "node/11776234768"
    },
    {
      "type": "Feature",
      "properties": {
        "@id": "node/11795092455",
        "addr:city": "اصفهان",
        "addr:postcode": "8155847142",
        "addr:street": "صاحب الزمان",
        "image": "http://njrk.ir/wp-content/uploads/2024/03/njrk.jpg",
        "mobile": "+989133067289",
        "name": "گروه نرم افزاری ایران",
        "opening_hours": "sa-th 09:00-14:00,17:00-20:00",
        "operator": "مسعود بابایی",
        "payment:cash": "yes",
        "phone": "+983132299912",
        "shop": "computer",
        "website": "https://njrk.ir/"
      },
      "geometry": {
        "type": "Point",
        "coordinates": [
          51.6929256,
          32.6727196
        ]
      },
      "id": "node/11795092455"
    },
    {
      "type": "Feature",
      "properties": {
        "@id": "node/11795354062",
        "addr:city": "اندیشه فاز 1",
        "addr:street": "شقایق هشتم شرقی",
        "name": "کامپیوتر تماشا پرداز",
        "opening_hours": "24/7",
        "shop": "computer"
      },
      "geometry": {
        "type": "Point",
        "coordinates": [
          51.022091,
          35.6782425
        ]
      },
      "id": "node/11795354062"
    },
    {
      "type": "Feature",
      "properties": {
        "@id": "node/11800366180",
        "addr:city": "شیراز",
        "addr:housename": "پاساژ ملاصدرا",
        "addr:postcode": "71936-13871",
        "addr:street": "خیابان ملاصدرا",
        "contact:instagram": "avastore.shiraz",
        "level": "0",
        "name": "فروشگاه کامپیوتر آوا",
        "name:en": "Ava PC Store",
        "opening_hours": "Sa-Th 09:00-21:00",
        "payment:cash": "yes",
        "phone": "+98 71 3647 4509;+98 917 026 4545",
        "shop": "computer",
        "website": "https://ava-pc.com"
      },
      "geometry": {
        "type": "Point",
        "coordinates": [
          52.5199632,
          29.6296177
        ]
      },
      "id": "node/11800366180"
    },
    {
      "type": "Feature",
      "properties": {
        "@id": "node/11800366181",
        "addr:city": "شیراز",
        "addr:housename": "پاساژ ملاصدرا",
        "addr:street": "خیابان ملاصدرا",
        "level": "-1",
        "name": "رایانه گستر شیراز",
        "name:en": "Rayane Gostar Shiraz",
        "phone": "+98 71 3647 3347",
        "shop": "computer"
      },
      "geometry": {
        "type": "Point",
        "coordinates": [
          52.5199699,
          29.6296795
        ]
      },
      "id": "node/11800366181"
    },
    {
      "type": "Feature",
      "properties": {
        "@id": "node/11800366182",
        "addr:city": "شیراز",
        "addr:housename": "پاساژ ملاصدرا",
        "addr:street": "خیابان ملاصدرا",
        "email": "info@parsiran.co",
        "level": "0",
        "name": "پارس ایران کامپیتور",
        "name:en": "Pars Iran Computer",
        "phone": "+98 919 232 9683",
        "shop": "computer",
        "website": "https://parsiran.co"
      },
      "geometry": {
        "type": "Point",
        "coordinates": [
          52.5199827,
          29.6296562
        ]
      },
      "id": "node/11800366182"
    },
    {
      "type": "Feature",
      "properties": {
        "@id": "node/11800366183",
        "addr:city": "شیراز",
        "addr:housename": "پاساژ ملاصدرا",
        "addr:street": "خیابان ملاصدرا",
        "contact:instagram": "fanoos.pc",
        "level": "0",
        "name": "مرکز کامپیتور فانوس",
        "name:en": "Fanoos Computer Center",
        "phone": "+98 917 738 7515",
        "shop": "computer"
      },
      "geometry": {
        "type": "Point",
        "coordinates": [
          52.5200316,
          29.6297355
        ]
      },
      "id": "node/11800366183"
    },
    {
      "type": "Feature",
      "properties": {
        "@id": "node/11800366196",
        "addr:city": "شیراز",
        "addr:housename": "پاساژ ملاصدرا",
        "addr:postcode": "۷۱۹۳۶-۱۳۸۱۸",
        "addr:street": "ملاصدرا",
        "name": "فروشگاه اپل شیراز",
        "name:en": "Shiraz Apple Store",
        "phone": "+987136473350",
        "shop": "computer",
        "website": "https://www.shirazapplestore.com/"
      },
      "geometry": {
        "type": "Point",
        "coordinates": [
          52.5199505,
          29.6297547
        ]
      },
      "id": "node/11800366196"
    },
    {
      "type": "Feature",
      "properties": {
        "@id": "node/11827022366",
        "addr:city": "تهران",
        "addr:housenumber": "6008",
        "addr:postcode": "1416798334",
        "addr:street": "تهران، دانشگاه تهران، خیابان دمشق، خیابان ولیعصر، مجتمع نور تهران، پلاک 1574",
        "description": "فروشگاه هایکامپ، از سال 1384 به عنوان یک مرجع معتبر در زمینه تعمیرات کامپیوتر به صورت تخصصی فعالیت می‌کند. این فروشگاه امکان حضوری در محل را برای رفع مشکلات کامپیوتری فراهم می‌کند، تا کاربران بتوانند با آرامش از خدمات حرفه‌ای بهره‌مند شوند.",
        "email": "highcompshop@gmail.com",
        "mobile": "+989128471537",
        "name": "هایکامپ",
        "opening_hours": "Sa-Th 10:00-19:00",
        "operator": "Owner",
        "payment:cash": "yes",
        "payment:credit_cards": "yes",
        "phone": "+9821860975994",
        "shop": "computer",
        "website": "https://highcomp.net/"
      },
      "geometry": {
        "type": "Point",
        "coordinates": [
          51.4057675,
          35.7071926
        ]
      },
      "id": "node/11827022366"
    },
    {
      "type": "Feature",
      "properties": {
        "@id": "node/11834963867",
        "addr:city": "چهارفریضه",
        "addr:street": "خیابان مطهری",
        "image": "[url=https://uploadkon.ir/uploads/607f08_24Picsart-24-06-08-11-41-32-534.jpg][img]https://uploadkon.ir/uploads/thumbs/607f08_24Picsart-24-06-08-11-41-32-534.jpg[/img][/url]",
        "name": "اتی سیستم‌",
        "phone": "+98935 5617115",
        "shop": "computer"
      },
      "geometry": {
        "type": "Point",
        "coordinates": [
          49.4582116,
          37.4733717
        ]
      },
      "id": "node/11834963867"
    },
    {
      "type": "Feature",
      "properties": {
        "@id": "node/11836005320",
        "addr:city": "قم",
        "addr:housenumber": "16",
        "addr:postcode": "03716695911",
        "addr:street": "عطاران ۱۶",
        "mobile": "09123516672",
        "name": "گروه مهندسی دوربین مداربسته و کامپیوتر پرشین تکنیک",
        "opening_hours": "08:00-22:00",
        "operator": "مهندس سیداحمدموسویان",
        "payment:app": "yes",
        "payment:cash": "yes",
        "payment:coins": "yes",
        "payment:credit_cards": "yes",
        "payment:visa": "yes",
        "phone": "+982537730333",
        "shop": "computer",
        "website": "www.prtech.ir"
      },
      "geometry": {
        "type": "Point",
        "coordinates": [
          50.8715287,
          34.6238815
        ]
      },
      "id": "node/11836005320"
    },
    {
      "type": "Feature",
      "properties": {
        "@id": "node/11840875877",
        "name": "فروشگاه ایجیتال",
        "shop": "computer"
      },
      "geometry": {
        "type": "Point",
        "coordinates": [
          51.3714338,
          32.634221
        ]
      },
      "id": "node/11840875877"
    },
    {
      "type": "Feature",
      "properties": {
        "@id": "node/11861630650",
        "addr:city": "مهاباد",
        "addr:housenumber": "341",
        "addr:postcode": "5914856441",
        "addr:street": "بلوار شورا",
        "air_conditioning": "yes",
        "ele": "10",
        "email": "SYAWASH70@GMAIL.COM",
        "internet_access": "wlan",
        "mobile": "+98 ++8 142 2999",
        "name": "KARMA ACCELERATOR",
        "opening_hours": "24/7",
        "operator": "SIAVASH AZIZI",
        "payment:cards": "yes",
        "payment:cash": "yes",
        "payment:cryptocurrencies": "yes",
        "phone": "+98 44 42222 999",
        "shop": "computer",
        "toilets": "no",
        "website": "https://karmaup.ir/"
      },
      "geometry": {
        "type": "Point",
        "coordinates": [
          45.7347619,
          36.7801448
        ]
      },
      "id": "node/11861630650"
    },
    {
      "type": "Feature",
      "properties": {
        "@id": "node/11862191188",
        "name": "کامپیوتر جواد",
        "shop": "computer"
      },
      "geometry": {
        "type": "Point",
        "coordinates": [
          55.3550425,
          37.2144932
        ]
      },
      "id": "node/11862191188"
    },
    {
      "type": "Feature",
      "properties": {
        "@id": "node/11869183723",
        "addr:city": "Bonab",
        "name": "فنی مهندسی پیشگامان",
        "operator": "محمد امیرعبدالهی",
        "payment:cash": "yes",
        "payment:paypal": "yes",
        "phone": "09147614244",
        "shop": "computer"
      },
      "geometry": {
        "type": "Point",
        "coordinates": [
          46.0535581,
          37.3396583
        ]
      },
      "id": "node/11869183723"
    },
    {
      "type": "Feature",
      "properties": {
        "@id": "node/11880556838",
        "name": "مرکز فروش لپتاپ سایامارکت",
        "shop": "computer"
      },
      "geometry": {
        "type": "Point",
        "coordinates": [
          50.8757919,
          35.8611764
        ]
      },
      "id": "node/11880556838"
    },
    {
      "type": "Feature",
      "properties": {
        "@id": "node/11903337424",
        "addr:city": "Tehran",
        "addr:street": "کوهسار چهارم مرکزی",
        "name": "خدمات کامپیوتر ایروانی",
        "phone": "09123588944",
        "shop": "computer"
      },
      "geometry": {
        "type": "Point",
        "coordinates": [
          51.3332535,
          35.7799983
        ]
      },
      "id": "node/11903337424"
    },
    {
      "type": "Feature",
      "properties": {
        "@id": "node/11920006305",
        "addr:city": "شیراز",
        "addr:postcode": "71858-98366",
        "addr:street": "بلوار مطهری جنوبی۲۹",
        "contact:instagram": "poosheshrayaneh",
        "name": "پوشش رایانه",
        "name:en": "Pooshesh Rayaneh",
        "opening_hours": "09:00-22:00",
        "phone": "+98 917 316 4292",
        "shop": "computer"
      },
      "geometry": {
        "type": "Point",
        "coordinates": [
          52.4737099,
          29.6258167
        ]
      },
      "id": "node/11920006305"
    },
    {
      "type": "Feature",
      "properties": {
        "@id": "node/11922077787",
        "addr:city": "شیراز",
        "addr:street": "کوشش شمالی",
        "name": "مرکز کامپیوتر دهکده ارتباطات",
        "operator": "علیرضا نصیری",
        "phone": "09176001841",
        "shop": "computer"
      },
      "geometry": {
        "type": "Point",
        "coordinates": [
          52.5362341,
          29.4847561
        ]
      },
      "id": "node/11922077787"
    },
    {
      "type": "Feature",
      "properties": {
        "@id": "node/11933015132",
        "description": "ساعت کاری شنبه تا چهارشنبه\n8:00 تا 13:00 و 16:00 تا 19:00\nو پنج شنبه ها ساعت 8:00 تا 13:00",
        "mobile": "08337274487",
        "name": "شرکت کامپیوتری رامک طرح",
        "phone": "+989188590450",
        "shop": "computer"
      },
      "geometry": {
        "type": "Point",
        "coordinates": [
          47.0613829,
          34.3040348
        ]
      },
      "id": "node/11933015132"
    },
    {
      "type": "Feature",
      "properties": {
        "@id": "node/11934395059",
        "addr:city": "رشت",
        "addr:housenumber": "طبقه 4",
        "addr:street": "بلوار دیلمان",
        "description": "دفتر توسن سیستم شرق در استان گیلان",
        "name": "دفتر تسکو گیلان",
        "phone": "01391008585",
        "shop": "computer"
      },
      "geometry": {
        "type": "Point",
        "coordinates": [
          49.6059754,
          37.3037588
        ]
      },
      "id": "node/11934395059"
    },
    {
      "type": "Feature",
      "properties": {
        "@id": "node/11934395060",
        "addr:city": "رشت",
        "addr:housenumber": "طبقه دوم",
        "addr:street": "خیابان مطهری ،راسته مسگران ، پاساژ بین الملل",
        "name": "گارانتی تسکو گیلان",
        "phone": "013 3324 4277",
        "shop": "computer"
      },
      "geometry": {
        "type": "Point",
        "coordinates": [
          49.5912765,
          37.2788288
        ]
      },
      "id": "node/11934395060"
    },
    {
      "type": "Feature",
      "properties": {
        "@id": "node/11941138545",
        "name": "ماشین های اداری جانکی",
        "opening_hours": "Mo-Su 09:00-21:00",
        "phone": "09178661815",
        "shop": "computer"
      },
      "geometry": {
        "type": "Point",
        "coordinates": [
          48.6873959,
          31.3210911
        ]
      },
      "id": "node/11941138545"
    },
    {
      "type": "Feature",
      "properties": {
        "@id": "node/11947052874",
        "addr:city": "تهران",
        "addr:housenumber": "طبقه سوم، واحد ۴۷۳",
        "addr:street": "شهرک گلستان، بلوار علیمرادی (کوهک)",
        "name": "استوک شاپ لند",
        "opening_hours": "Mo-Su 10:00-21:00",
        "payment:cards": "yes",
        "payment:cash": "yes",
        "phone": "+982146085835",
        "shop": "computer"
      },
      "geometry": {
        "type": "Point",
        "coordinates": [
          51.248309,
          35.7303327
        ]
      },
      "id": "node/11947052874"
    },
    {
      "type": "Feature",
      "properties": {
        "@id": "node/11961236862",
        "addr:city": "نکا",
        "addr:street": "خیابان شهرداری",
        "name": "مازند شبکه",
        "opening_hours": "24/7",
        "operator": "شرکت مازند شبکه قائم آریا",
        "phone": "09112524204",
        "shop": "computer"
      },
      "geometry": {
        "type": "Point",
        "coordinates": [
          53.2975802,
          36.6494271
        ]
      },
      "id": "node/11961236862"
    },
    {
      "type": "Feature",
      "properties": {
        "@id": "node/11962290350",
        "name": "کامپیوتری نسیم",
        "shop": "computer"
      },
      "geometry": {
        "type": "Point",
        "coordinates": [
          51.2812298,
          35.7132114
        ]
      },
      "id": "node/11962290350"
    },
    {
      "type": "Feature",
      "properties": {
        "@id": "node/11980311600",
        "name": "خدمات کامپیوتری",
        "name:en": "Computer Service",
        "shop": "computer"
      },
      "geometry": {
        "type": "Point",
        "coordinates": [
          51.6609573,
          32.6210171
        ]
      },
      "id": "node/11980311600"
    },
    {
      "type": "Feature",
      "properties": {
        "@id": "node/11990227271",
        "name": "خدمات کامپیوتر مثلث",
        "shop": "computer"
      },
      "geometry": {
        "type": "Point",
        "coordinates": [
          51.5410917,
          35.7420722
        ]
      },
      "id": "node/11990227271"
    },
    {
      "type": "Feature",
      "properties": {
        "@id": "node/11999632716",
        "addr:city": "تهران",
        "addr:street": "بلوار شهید منفرد نیاکی",
        "name": "اپل استور مرکزی اپال",
        "operator": "امیر مجدم",
        "phone": "09128190689",
        "shop": "computer"
      },
      "geometry": {
        "type": "Point",
        "coordinates": [
          51.3511424,
          35.776887
        ]
      },
      "id": "node/11999632716"
    },
    {
      "type": "Feature",
      "properties": {
        "@id": "node/12003200563",
        "addr:street": "بروجن میدان عبادت،خیابان حافظ،مجتمع حافظ 11",
        "name": "دفتر خدماتی آگاه",
        "phone": "09139843927",
        "shop": "computer"
      },
      "geometry": {
        "type": "Point",
        "coordinates": [
          51.2920406,
          31.9665358
        ]
      },
      "id": "node/12003200563"
    },
    {
      "type": "Feature",
      "properties": {
        "@id": "node/12025267143",
        "name": "استوک 130",
        "shop": "computer"
      },
      "geometry": {
        "type": "Point",
        "coordinates": [
          51.6541536,
          32.6580887
        ]
      },
      "id": "node/12025267143"
    },
    {
      "type": "Feature",
      "properties": {
        "@id": "node/12026782867",
        "addr:city": "فسا",
        "addr:postcode": "7461816686",
        "addr:street": "خیابان شاهزاده قاسم",
        "email": "signul.online@gmail.com",
        "name": "متین رایانه",
        "opening_hours": "Mo-Su 09:00-21:00",
        "operator": "امجدی",
        "payment:cash": "yes",
        "payment:coins": "yes",
        "payment:credit_cards": "yes",
        "phone": "+989339948226",
        "shop": "computer",
        "website": "wwww.9pc.ir"
      },
      "geometry": {
        "type": "Point",
        "coordinates": [
          53.6459924,
          28.941292
        ]
      },
      "id": "node/12026782867"
    },
    {
      "type": "Feature",
      "properties": {
        "@id": "node/12043188446",
        "name": "کروژ رایانه",
        "shop": "computer"
      },
      "geometry": {
        "type": "Point",
        "coordinates": [
          51.00593,
          35.8129433
        ]
      },
      "id": "node/12043188446"
    },
    {
      "type": "Feature",
      "properties": {
        "@id": "node/12053650981",
        "addr:city": "شیراز",
        "addr:housename": "مجتمع تجاری اداری پارمین",
        "addr:street": "بلوار دکتر شریعتی",
        "addr:unit": "18",
        "contact:instagram": "vatan_pc",
        "name": "وطن پی سی",
        "name:en": "Vatan PC",
        "phone": "+98 917 290 0017",
        "shop": "computer",
        "website": "https://vatan-pc.ir"
      },
      "geometry": {
        "type": "Point",
        "coordinates": [
          52.4667388,
          29.6830848
        ]
      },
      "id": "node/12053650981"
    },
    {
      "type": "Feature",
      "properties": {
        "@id": "node/12055166747",
        "image": "https://lh5.googleusercontent.com/p/AF1QipNgsJ19H_BcbzwUD9ahhqTOgYdMbf4L2KLBtkIF=w600-h854-p-k-no",
        "name": "دفتر ماشین",
        "shop": "computer"
      },
      "geometry": {
        "type": "Point",
        "coordinates": [
          47.0649761,
          34.3136102
        ]
      },
      "id": "node/12055166747"
    },
    {
      "type": "Feature",
      "properties": {
        "@id": "node/12060642489",
        "addr:city": "ماهشهر",
        "addr:housenumber": "بلوار دانشجو",
        "addr:postcode": "6351878808",
        "addr:street": "بلوار دانشجو",
        "email": "petrosystem2024@gmail.com",
        "name": "پتروسیستم",
        "opening_hours": "Mo-Su 08:00-22:00",
        "operator": "perroo_system",
        "payment:cards": "yes",
        "payment:cash": "yes",
        "phone": "+989163506560",
        "shop": "computer"
      },
      "geometry": {
        "type": "Point",
        "coordinates": [
          49.1834778,
          30.5672625
        ]
      },
      "id": "node/12060642489"
    },
    {
      "type": "Feature",
      "properties": {
        "@id": "node/12067869718",
        "addr:city": "شهر قم",
        "addr:street": "میدان رسالت مجتمع نگین شهر طبقه یک اداری واحد سه",
        "brand": "شبکه گستران امین کارن",
        "level": "1",
        "mobile": "09364930321",
        "name": "پخش کارن دیجی پلاس",
        "opening_hours": "16:30-20:00 08:00-13:30 sa-th",
        "payment:cash": "yes",
        "payment:cheque": "yes",
        "phone": "09127494514",
        "shop": "computer",
        "website": "https://karendgplus.com/"
      },
      "geometry": {
        "type": "Point",
        "coordinates": [
          50.8758148,
          34.6259225
        ]
      },
      "id": "node/12067869718"
    },
    {
      "type": "Feature",
      "properties": {
        "@id": "node/12068666554",
        "name": "خدمات کامپیوتری مهر",
        "shop": "computer"
      },
      "geometry": {
        "type": "Point",
        "coordinates": [
          53.0726129,
          36.6476495
        ]
      },
      "id": "node/12068666554"
    },
    {
      "type": "Feature",
      "properties": {
        "@id": "node/12075203517",
        "shop": "computer"
      },
      "geometry": {
        "type": "Point",
        "coordinates": [
          58.1673224,
          34.0126715
        ]
      },
      "id": "node/12075203517"
    },
    {
      "type": "Feature",
      "properties": {
        "@id": "node/12075203527",
        "shop": "computer"
      },
      "geometry": {
        "type": "Point",
        "coordinates": [
          58.1650147,
          34.0093153
        ]
      },
      "id": "node/12075203527"
    },
    {
      "type": "Feature",
      "properties": {
        "@id": "node/12076443857",
        "addr:city": "رشت",
        "addr:housenumber": "جنب ستاره شهر",
        "addr:postcode": "4143636568",
        "addr:street": "تقدیر ۱۵",
        "air_conditioning": "yes",
        "brand": "NET Trade",
        "currency:rial": "yes",
        "email": "rashtlaptop@gmail.com",
        "image": "https://rashtlaptop.ir/wp-content/uploads/2024/07/rashtlaptop-1536x384.jpg",
        "internet_access": "wlan",
        "mobile": "09116280122",
        "name": "رشت لپ تاپ- تعمیرات لپ تاپ",
        "opening_hours": "24/7",
        "operator": "فروشگاه علیزاده",
        "payment:cash": "yes",
        "payment:debit_cards": "yes",
        "phone": "0981333240987",
        "second_hand": "yes",
        "shop": "computer",
        "website": "https://rashtlaptop.ir/"
      },
      "geometry": {
        "type": "Point",
        "coordinates": [
          49.5728982,
          37.2708303
        ]
      },
      "id": "node/12076443857"
    },
    {
      "type": "Feature",
      "properties": {
        "@id": "node/12078362240",
        "addr:city": "شیراز",
        "addr:street": "خیابان ملاصدرا",
        "level": "0",
        "name": "موبایل آریا",
        "name:en": "Arya Mobile",
        "shop": "computer"
      },
      "geometry": {
        "type": "Point",
        "coordinates": [
          52.5182252,
          29.6263699
        ]
      },
      "id": "node/12078362240"
    },
    {
      "type": "Feature",
      "properties": {
        "@id": "node/12078362241",
        "addr:city": "شیراز",
        "addr:street": "خیابان ملاصدرا",
        "contact:instagram": "lapfix.ir",
        "email": "mo.khorami@gmail.com",
        "level": "1",
        "name": "فروش لپ تاپ جام جم",
        "name:en": "Jame Jam Laptop",
        "phone": "+98 71 3232 6592;+98 917 319 9685",
        "shop": "computer",
        "website": "https://lapfix.ir"
      },
      "geometry": {
        "type": "Point",
        "coordinates": [
          52.5182661,
          29.6263792
        ]
      },
      "id": "node/12078362241"
    },
    {
      "type": "Feature",
      "properties": {
        "@id": "node/12078362364",
        "addr:city": "شیراز",
        "addr:street": "اردیبهشت غربی",
        "level": "0",
        "name": "لپ تاپ کلاور",
        "name:en": "Clover Laptop",
        "phone": "+98 917 413 2729",
        "shop": "computer",
        "website": "https://cloverlaptop.ir"
      },
      "geometry": {
        "type": "Point",
        "coordinates": [
          52.5202502,
          29.6291881
        ]
      },
      "id": "node/12078362364"
    },
    {
      "type": "Feature",
      "properties": {
        "@id": "node/12079555314",
        "name": "دانش فردا",
        "shop": "computer"
      },
      "geometry": {
        "type": "Point",
        "coordinates": [
          50.9624275,
          35.4709777
        ]
      },
      "id": "node/12079555314"
    },
    {
      "type": "Feature",
      "properties": {
        "@id": "node/12079646811",
        "name": "فروشگاه دالونو",
        "opening_hours": "09:00-21:00",
        "phone": "07132319095",
        "shop": "computer"
      },
      "geometry": {
        "type": "Point",
        "coordinates": [
          52.520439,
          29.6285682
        ]
      },
      "id": "node/12079646811"
    },
    {
      "type": "Feature",
      "properties": {
        "@id": "node/12079748776",
        "addr:city": "اصفهان",
        "addr:housenumber": "روبروی بانک ملی",
        "addr:postcode": "8174559943",
        "addr:street": "کشاورز",
        "computer:parts": "فروش قطعات جانبی کامپیوتر",
        "computer:repair": "تعمیر کامپیوتر و لپ تاپ",
        "computer:sales": "فروش لوازم جانبی کامپیوتر",
        "mobile": "+989134194174",
        "name": "خدمات کامپیوتر تکنوخاص",
        "operator": "آرش زمان پور",
        "payment:cash": "yes",
        "payment:credit_cards": "yes",
        "phone": "+983137789607",
        "shop": "computer",
        "website": "https://technokhas.ir"
      },
      "geometry": {
        "type": "Point",
        "coordinates": [
          51.6350683,
          32.6232316
        ]
      },
      "id": "node/12079748776"
    },
    {
      "type": "Feature",
      "properties": {
        "@id": "node/12097097916",
        "name": "فروشگاه موبایلنوین افزار (اقای اقساط )",
        "shop": "computer"
      },
      "geometry": {
        "type": "Point",
        "coordinates": [
          49.6992034,
          34.0788126
        ]
      },
      "id": "node/12097097916"
    },
    {
      "type": "Feature",
      "properties": {
        "@id": "node/12106042377",
        "addr:city": "دماوند",
        "name": "خدمات کامپیوتری میلاد",
        "payment:cash": "yes",
        "payment:credit_cards": "yes",
        "phone": "+98 938 65 48 084",
        "shop": "computer",
        "source": "Note 4208437",
        "website": "https://miladcom.com/"
      },
      "geometry": {
        "type": "Point",
        "coordinates": [
          52.0584574,
          35.7194689
        ]
      },
      "id": "node/12106042377"
    },
    {
      "type": "Feature",
      "properties": {
        "@id": "node/12108247247",
        "addr:city": "تهران",
        "addr:street": "دمشق",
        "email": "Info@hegzimal.com",
        "mobile": "+98 21 66 45 51 28",
        "name": "فروشگاه اینترنتی هگزیمال",
        "payment:cash": "yes",
        "payment:credit_cards": "yes",
        "phone": "+98 21 88 92 78 25",
        "shop": "computer",
        "website": "https://hegzimal.com/"
      },
      "geometry": {
        "type": "Point",
        "coordinates": [
          51.404307,
          35.7089389
        ]
      },
      "id": "node/12108247247"
    },
    {
      "type": "Feature",
      "properties": {
        "@id": "node/12108247248",
        "email": "info@bazarsoo.ir",
        "mobile": "+98 21 88 93 61 80",
        "name": "فروشگاه اینترنتی بازارسو",
        "payment:cash": "yes",
        "payment:credit_cards": "yes",
        "phone": "+98 21 88 92 78 25",
        "shop": "computer"
      },
      "geometry": {
        "type": "Point",
        "coordinates": [
          51.4043243,
          35.7089102
        ]
      },
      "id": "node/12108247248"
    },
    {
      "type": "Feature",
      "properties": {
        "@id": "node/12110486169",
        "addr:city": "کرج",
        "addr:postcode": "3173975776",
        "addr:street": "لوله گاز",
        "mobile": "+989361621718",
        "name": "آیس پی سی",
        "opening_hours": "Mo-Su 09:00-21:00",
        "operator": "زارعی",
        "payment:cash": "yes",
        "phone": "+989911682278",
        "shop": "computer"
      },
      "geometry": {
        "type": "Point",
        "coordinates": [
          50.9891862,
          35.7517007
        ]
      },
      "id": "node/12110486169"
    },
    {
      "type": "Feature",
      "properties": {
        "@id": "node/12112105220",
        "addr:city": "مشهد",
        "addr:housenumber": "36",
        "addr:street": "بیستون ۱",
        "name": "آبتین مال",
        "name:en": "abtinmall",
        "opening_hours": "24/7",
        "operator": "amin",
        "payment:app": "yes",
        "payment:cards": "yes",
        "payment:cash": "yes",
        "phone": "+989155533811",
        "shop": "computer"
      },
      "geometry": {
        "type": "Point",
        "coordinates": [
          59.5633087,
          36.31356
        ]
      },
      "id": "node/12112105220"
    },
    {
      "type": "Feature",
      "properties": {
        "@id": "node/12121802160",
        "addr:city": "باغستان",
        "addr:housenumber": "252",
        "addr:street": "بزرگراه باغستان",
        "name": "فناوری اطلاعات پردازش",
        "opening_hours": "sa-th 9:00-20:00",
        "operator": "وحید داسچی",
        "payment:cards": "yes",
        "payment:cash": "yes",
        "phone": "02165238008",
        "shop": "computer",
        "website": "https://pardaz-co.ir"
      },
      "geometry": {
        "type": "Point",
        "coordinates": [
          51.1297122,
          35.6484081
        ]
      },
      "id": "node/12121802160"
    },
    {
      "type": "Feature",
      "properties": {
        "@id": "node/12135440615",
        "addr:city": "شهر تهران",
        "addr:housenumber": "115",
        "addr:postcode": "1654969371",
        "addr:street": "ابراهیم زارع",
        "name": "رایان کامپیوتر",
        "phone": "+98 21 777 86136",
        "shop": "computer"
      },
      "geometry": {
        "type": "Point",
        "coordinates": [
          51.5441611,
          35.7295612
        ]
      },
      "id": "node/12135440615"
    },
    {
      "type": "Feature",
      "properties": {
        "@id": "node/12147735764",
        "addr:city": "زنجان",
        "addr:street": "خیابان امام خمینی",
        "name": "مرکز کامپیوتر ایران",
        "operator": "علی بابایی",
        "shop": "computer"
      },
      "geometry": {
        "type": "Point",
        "coordinates": [
          48.4820586,
          36.6682365
        ]
      },
      "id": "node/12147735764"
    },
    {
      "type": "Feature",
      "properties": {
        "@id": "node/12148383411",
        "addr:postcode": "1418946717",
        "contact:instagram": "https://www.instagram.com/unitech_laptop?igsh=dWRhZWd2enRxcjNy",
        "name": "فروشگاه یونی تک",
        "phone": "09379450718",
        "shop": "computer"
      },
      "geometry": {
        "type": "Point",
        "coordinates": [
          51.3907686,
          35.7017577
        ]
      },
      "id": "node/12148383411"
    },
    {
      "type": "Feature",
      "properties": {
        "@id": "node/12160962723",
        "addr:city": "سلماس",
        "addr:postcode": "7",
        "addr:street": "کوچه 62",
        "name": "فروشگاه اینترنتی زولارود",
        "opening_hours": "24/7",
        "phone": "+989144720510",
        "shop": "computer"
      },
      "geometry": {
        "type": "Point",
        "coordinates": [
          44.7665142,
          38.2198809
        ]
      },
      "id": "node/12160962723"
    },
    {
      "type": "Feature",
      "properties": {
        "@id": "node/12180201705",
        "addr:city": "تهران",
        "addr:street": "هاشمی",
        "name": "گیم نت ونوس",
        "opening_hours": "24/7",
        "operator": "مهدی ونوس",
        "phone": "09916713703",
        "shop": "computer"
      },
      "geometry": {
        "type": "Point",
        "coordinates": [
          51.3746178,
          35.690499
        ]
      },
      "id": "node/12180201705"
    },
    {
      "type": "Feature",
      "properties": {
        "@id": "node/12196731060",
        "name": "فروشگاه میم استور",
        "shop": "computer"
      },
      "geometry": {
        "type": "Point",
        "coordinates": [
          54.4003272,
          31.8612817
        ]
      },
      "id": "node/12196731060"
    },
    {
      "type": "Feature",
      "properties": {
        "@id": "node/12208667778",
        "addr:city": "شیراز",
        "addr:housename": "پاساژ ملاصدرا",
        "addr:street": "خیابان ملاصدرا",
        "addr:unit": "36",
        "contact:instagram": "laptop_lotus",
        "level": "0",
        "name": "لپ تاپ لوتوس",
        "name:en": "Laptop Lotus",
        "opening_hours": "Sa-Th 09:00-14:00, 17:00-22:00",
        "phone": "+98 936 946 4046",
        "shop": "computer",
        "website": "https://divar.ir/marketplace/stores/loptoplotos"
      },
      "geometry": {
        "type": "Point",
        "coordinates": [
          52.5198841,
          29.6297524
        ]
      },
      "id": "node/12208667778"
    },
    {
      "type": "Feature",
      "properties": {
        "@id": "node/12229610186",
        "addr:city": "شیراز",
        "addr:street": "خیابان ملاصدرا",
        "contact:instagram": "plazzalaptop",
        "level": "0",
        "name": "لپ تاپ پلازا",
        "name:en": "Plaza Laptop",
        "opening_hours": "09:00-22:00",
        "phone": "+98 917 292 9201;+98 71 3231 7444",
        "shop": "computer",
        "website": "https://shiraz-stock.ir/"
      },
      "geometry": {
        "type": "Point",
        "coordinates": [
          52.5203736,
          29.6295052
        ]
      },
      "id": "node/12229610186"
    },
    {
      "type": "Feature",
      "properties": {
        "@id": "node/12265737266",
        "addr:city": "شهر شیراز",
        "addr:street": "بلوار پاسداران",
        "air_conditioning": "yes",
        "alt_name": "فروشگاه کامپیوتر و پروژکتور آرمانی",
        "alt_name:fa": "کافی نت و فروشگاه آرمانی",
        "branch": "yes",
        "brand": "Aarmani",
        "email": "info@aarmani.ir",
        "image": "https://aarmani.ir/wp-content/uploads/2024/06/be0ba9ef-c709-4710-a2a7-24f95340e435.jpg",
        "internet_access": "wlan",
        "internet_access:fee": "customers",
        "loc_name": "آرمانی کامپیوتر",
        "mobile": "009809164414388",
        "name": "کامپیوتر آرمانی / Aarmani.ir",
        "note": "aarmani computer located in aarmani building at pasdaran street in shiraz , they sell computer and projectors",
        "official_name": "aarmani computer",
        "opening_hours": "08:00-22:00",
        "operator": "mr.mokari zadeh",
        "payment:cash": "yes",
        "payment:credit_cards": "yes",
        "phone": "009809174732171",
        "shop": "computer",
        "source": "survey;local knowledge;aerial imagery;gps",
        "website": "https://aarmani.ir/"
      },
      "geometry": {
        "type": "Point",
        "coordinates": [
          52.4809184,
          29.624482
        ]
      },
      "id": "node/12265737266"
    },
    {
      "type": "Feature",
      "properties": {
        "@id": "node/12277998220",
        "name": "خدمات کامپیوتری چهارسو",
        "shop": "computer"
      },
      "geometry": {
        "type": "Point",
        "coordinates": [
          49.5484467,
          37.3428908
        ]
      },
      "id": "node/12277998220"
    },
    {
      "type": "Feature",
      "properties": {
        "@id": "node/12278155225",
        "addr:city": "نظرآباد",
        "addr:street": "غدیر ۱۰",
        "name": "پردازش هوشمند علاءالدین",
        "opening_hours": "Mo-Fr 09:00-17:00",
        "operator": "محمد علی برجی",
        "phone": "02691010197",
        "shop": "computer"
      },
      "geometry": {
        "type": "Point",
        "coordinates": [
          50.6139283,
          35.9519094
        ]
      },
      "id": "node/12278155225"
    },
    {
      "type": "Feature",
      "properties": {
        "@id": "node/12291827227",
        "addr:street": "ساوه خیابان امام خمینی پیاده راه امام خمینی، پاساژ رضا،طبقه بالا،واحد۱۰۷",
        "name": "پلی استور زمانی",
        "phone": "09191550026",
        "shop": "computer"
      },
      "geometry": {
        "type": "Point",
        "coordinates": [
          50.3629689,
          35.0203606
        ]
      },
      "id": "node/12291827227"
    },
    {
      "type": "Feature",
      "properties": {
        "@id": "node/12298819583",
        "addr:city": "تهران",
        "addr:housenumber": "77",
        "addr:street": "خیابان کرمان خیابان محمدرحیم صافی",
        "mobile": "+98 939 816 9991",
        "name": "کافی نت مجیدیه",
        "payment:cash": "yes",
        "payment:debit_cards": "yes",
        "phone": "+98 21 2253 4854",
        "shop": "computer"
      },
      "geometry": {
        "type": "Point",
        "coordinates": [
          51.4736431,
          35.7368606
        ]
      },
      "id": "node/12298819583"
    },
    {
      "type": "Feature",
      "properties": {
        "@id": "node/12318247006",
        "addr:city": "تهران",
        "addr:street": "آیت الله طالقانی",
        "name": "فروشگاه فرنام تک",
        "opening_hours": "Mo-Su 10:00-19:00",
        "operator": "مهرداد عباسی",
        "phone": "09122162733",
        "shop": "computer"
      },
      "geometry": {
        "type": "Point",
        "coordinates": [
          51.4056377,
          35.7067931
        ]
      },
      "id": "node/12318247006"
    },
    {
      "type": "Feature",
      "properties": {
        "@id": "node/12323961651",
        "name": "رایان پرداز",
        "name:en": "Rayan Pardaz",
        "name:fa": "رایان پرداز",
        "opening_hours": "Th-Sa 09:00-19:00",
        "operator": "دامون صفری",
        "phone": "01152240007",
        "shop": "computer"
      },
      "geometry": {
        "type": "Point",
        "coordinates": [
          51.4124638,
          36.6618171
        ]
      },
      "id": "node/12323961651"
    },
    {
      "type": "Feature",
      "properties": {
        "@id": "node/12329336010",
        "name": "کامیتل شاپ",
        "opening_hours": "08:00-21:30",
        "phone": "02144291135",
        "shop": "computer",
        "website": "https://kamitelshop.com"
      },
      "geometry": {
        "type": "Point",
        "coordinates": [
          51.3432928,
          35.7217736
        ]
      },
      "id": "node/12329336010"
    },
    {
      "type": "Feature",
      "properties": {
        "@id": "node/12334339442",
        "addr:city": "کرمانشاه",
        "addr:street": "شرکت ۱",
        "name": "فروشگاه کامپیوتری رایان وستای کوردیا",
        "operator": "رضا کرمی",
        "shop": "computer"
      },
      "geometry": {
        "type": "Point",
        "coordinates": [
          47.0428064,
          34.3425518
        ]
      },
      "id": "node/12334339442"
    },
    {
      "type": "Feature",
      "properties": {
        "@id": "node/12337333910",
        "addr:city": "سیرجان",
        "addr:street": "خیابان قدس جنوبی",
        "check_date": "2025-01-11",
        "currency:IRR": "yes",
        "currency:IRT": "yes",
        "currency:XBT": "yes",
        "name": "گروه رایانه ای ارمغان",
        "opening_hours": "Sa-Fr 8:30-12:30, 16:00-19:30",
        "operator": "Majid Mohammadi",
        "payment:cash": "yes",
        "payment:debit_cards": "yes",
        "payment:lightning": "yes",
        "payment:lightning_contactless": "no",
        "payment:onchain": "no",
        "phone": "+98 034 4227 1383",
        "shop": "computer",
        "short_name": "ACG",
        "website": "https://acgonline.shop/",
        "wheelchair": "yes"
      },
      "geometry": {
        "type": "Point",
        "coordinates": [
          55.6812547,
          29.4484501
        ]
      },
      "id": "node/12337333910"
    },
    {
      "type": "Feature",
      "properties": {
        "@id": "node/12357835202",
        "addr:city": "تهران",
        "addr:street": "نجف غزایی عتیق",
        "name": "DETEX",
        "opening_hours": "Mo-Fr 09:30-17:30",
        "operator": "محمدرضا توکلی",
        "phone": "02187700089",
        "shop": "computer"
      },
      "geometry": {
        "type": "Point",
        "coordinates": [
          51.4065476,
          35.7139625
        ]
      },
      "id": "node/12357835202"
    },
    {
      "type": "Feature",
      "properties": {
        "@id": "node/12394720090",
        "name": "کافی نت هات اسپات",
        "operator": "امیده دره زرشکی پور",
        "phone": "+989134505808",
        "shop": "computer"
      },
      "geometry": {
        "type": "Point",
        "coordinates": [
          54.319632,
          31.9176669
        ]
      },
      "id": "node/12394720090"
    },
    {
      "type": "Feature",
      "properties": {
        "@id": "node/12406956898",
        "name": "آسو (آریا سیستم ورسا رایان)",
        "opening_hours": "09:00-18:00",
        "phone": "02188227780",
        "shop": "computer"
      },
      "geometry": {
        "type": "Point",
        "coordinates": [
          51.4053452,
          35.7071123
        ]
      },
      "id": "node/12406956898"
    },
    {
      "type": "Feature",
      "properties": {
        "@id": "node/12412937402",
        "addr:city": "اهواز",
        "addr:housenumber": "286",
        "addr:postcode": "6194964820",
        "addr:street": "طالقانی",
        "air_conditioning": "yes",
        "name": "چابک ارتباط",
        "name:en": "Chabook Ertebat",
        "name:fa": "چابک ارتباط",
        "opening_hours": "Su-Th 09:00-20:00",
        "operator": "aghil alb - 09011010246",
        "payment:cash": "yes",
        "payment:credit_cards": "yes",
        "payment:cryptocurrencies": "yes",
        "phone": "+989011010246",
        "shop": "computer",
        "short_name": "سیستوک",
        "website": "https://cistock.net"
      },
      "geometry": {
        "type": "Point",
        "coordinates": [
          48.6875499,
          31.3205796
        ]
      },
      "id": "node/12412937402"
    },
    {
      "type": "Feature",
      "properties": {
        "@id": "node/12450453344",
        "name": "سپهر سیستم  تعمیر و فروش قطعات لپتاپ",
        "shop": "computer"
      },
      "geometry": {
        "type": "Point",
        "coordinates": [
          51.4111507,
          35.7627036
        ]
      },
      "id": "node/12450453344"
    },
    {
      "type": "Feature",
      "properties": {
        "@id": "node/12467113649",
        "addr:city": "شهر بوشهر",
        "addr:street": "خیابان لیان",
        "contact:facebook": "mycomputerco.ir",
        "name": "فروشگاه مای کامپیوتر بوشهر",
        "opening_hours": "Sa-Fr 9:00-22:00",
        "operator": "مای کامپیوتر",
        "phone": "07791002123",
        "shop": "computer"
      },
      "geometry": {
        "type": "Point",
        "coordinates": [
          50.8311649,
          28.9871446
        ]
      },
      "id": "node/12467113649"
    },
    {
      "type": "Feature",
      "properties": {
        "@id": "node/12483523116",
        "name": "پی سی سنتر",
        "shop": "computer"
      },
      "geometry": {
        "type": "Point",
        "coordinates": [
          52.3473144,
          36.4688522
        ]
      },
      "id": "node/12483523116"
    },
    {
      "type": "Feature",
      "properties": {
        "@id": "node/12500440615",
        "addr:city": "تهران",
        "addr:street": "برادران مظفر شمالی",
        "name": "کامپیوتر اخوی شاپ",
        "opening_hours": "Mo-Sa 10:00-19:00",
        "operator": "احسان اخوی",
        "phone": "02188227940",
        "shop": "computer"
      },
      "geometry": {
        "type": "Point",
        "coordinates": [
          51.4054608,
          35.7073298
        ]
      },
      "id": "node/12500440615"
    },
    {
      "type": "Feature",
      "properties": {
        "@id": "node/12503723544",
        "name": "کامپیوتر ساره",
        "operator": "آقاپور",
        "shop": "computer"
      },
      "geometry": {
        "type": "Point",
        "coordinates": [
          45.9753366,
          37.7641864
        ]
      },
      "id": "node/12503723544"
    },
    {
      "type": "Feature",
      "properties": {
        "@id": "node/12506694992",
        "addr:city": "پرند",
        "addr:street": "دستغیب",
        "name": "کافی نت نئو",
        "opening_hours": "همه روزه ۸:۰۰ - ۲۴:۰۰",
        "phone": "09229624402",
        "shop": "computer"
      },
      "geometry": {
        "type": "Point",
        "coordinates": [
          50.9316965,
          35.5145835
        ]
      },
      "id": "node/12506694992"
    },
    {
      "type": "Feature",
      "properties": {
        "@id": "node/12507269814",
        "addr:city": "میبد",
        "addr:housenumber": "ابتدای بلوار رایانه پلاس",
        "addr:postcode": "896190000",
        "addr:street": "بلوار بسیج",
        "brand": "رایانه پلاس",
        "contact:instagram": "https://instagram.com/rayanepluss.ir",
        "contact:telegram": "omid_dhqni",
        "description": "مرکز فروش و تعمیرات انواع کامپیوتر و لپتاپ",
        "map": "yes",
        "name": "رایانه پلاس",
        "name:fa": "رایانه پلاس",
        "opening_hours": "08:00-22:00",
        "operator": "دهقانی",
        "phone": "+989204607976",
        "shop": "computer",
        "website": "https://rayanepluss.ir"
      },
      "geometry": {
        "type": "Point",
        "coordinates": [
          54.0293027,
          32.2265087
        ]
      },
      "id": "node/12507269814"
    },
    {
      "type": "Feature",
      "properties": {
        "@id": "node/12532347703",
        "addr:city": "تهران",
        "addr:street": "حسن زاده",
        "image": "https://tecnobenis.shop/wp-content/uploads/512.png",
        "level": "0",
        "mobile": "09904120604",
        "name": "تکنو بنیس",
        "opening_hours": "Sa-Th 08:00-23:00",
        "operator": "ایده پردازان جوان بنیس",
        "payment:app": "yes",
        "payment:cash": "yes",
        "phone": "02191003013",
        "shop": "computer",
        "website": "https://tecnobenis.shop/"
      },
      "geometry": {
        "type": "Point",
        "coordinates": [
          51.3172592,
          35.7361691
        ]
      },
      "id": "node/12532347703"
    },
    {
      "type": "Feature",
      "properties": {
        "@id": "node/12539924350",
        "addr:city": "شیراز",
        "addr:housename": "پاساژ ملاصدرا",
        "addr:postcode": "71936-13857",
        "addr:street": "خیابان ملاصدرا",
        "name": "کامپیوتر برند",
        "name:en": "Brand Computer",
        "opening_hours": "Sa-Th 09:00-21:00",
        "phone": "+98 71 3647 3481;+98 903 777 3423",
        "shop": "computer"
      },
      "geometry": {
        "type": "Point",
        "coordinates": [
          52.519917,
          29.6298007
        ]
      },
      "id": "node/12539924350"
    },
    {
      "type": "Feature",
      "properties": {
        "@id": "node/12539924362",
        "addr:city": "شیراز",
        "addr:housename": "ساختمان سپهر",
        "addr:street": "بلوار استقلال",
        "amenity": "internet_cafe",
        "contact:telegram": "Pczohal",
        "level": "0",
        "name": "کافی نت و فروشگاه کامپیوتر زحل",
        "name:en": "Zohal Internet Cafe and Computer Store",
        "opening_hours": "Sa-We 08:15-20:30; Th 08:15-13:00",
        "phone": "+98 922 782 6630",
        "shop": "computer"
      },
      "geometry": {
        "type": "Point",
        "coordinates": [
          52.5173186,
          29.6158604
        ]
      },
      "id": "node/12539924362"
    },
    {
      "type": "Feature",
      "properties": {
        "@id": "node/12548487750",
        "addr:city": "آستانه اشرفیه",
        "addr:street": "امام خمینی",
        "image": "https://lh3.googleusercontent.com/p/AF1QipOEM1XPt_GXwDFYAkjHPLVZ88nvA8n_xRIVlcD_=s1360-w1360-h1020",
        "name": "فروشگاه کامپیوتر شهر سبز",
        "opening_hours": "Mo-Su 08:00-22:00",
        "operator": "سجاد کریمی",
        "payment:cash": "yes",
        "phone": "+989357987541",
        "shop": "computer",
        "website": "https://kaladost.ir"
      },
      "geometry": {
        "type": "Point",
        "coordinates": [
          49.9431387,
          37.2653224
        ]
      },
      "id": "node/12548487750"
    },
    {
      "type": "Feature",
      "properties": {
        "@id": "node/12550944979",
        "name": "کامپیوتر مسلم",
        "phone": "09132585256",
        "shop": "computer"
      },
      "geometry": {
        "type": "Point",
        "coordinates": [
          54.3888969,
          31.8838524
        ]
      },
      "id": "node/12550944979"
    },
    {
      "type": "Feature",
      "properties": {
        "@id": "node/12558363821",
        "addr:city": "سنندج",
        "addr:street": "پاسداران - ۶ بهمن",
        "name": "فروشگاه دلتا سیستم کردستان",
        "opening_hours": "Mo-Su 09:00-20:00",
        "operator": "محمد گنجی",
        "phone": "09188711449",
        "shop": "computer"
      },
      "geometry": {
        "type": "Point",
        "coordinates": [
          46.999673,
          35.3051639
        ]
      },
      "id": "node/12558363821"
    },
    {
      "type": "Feature",
      "properties": {
        "@id": "node/12573774333",
        "name": "خدمات کامپیوتر ESP",
        "shop": "computer"
      },
      "geometry": {
        "type": "Point",
        "coordinates": [
          50.9628471,
          35.4710709
        ]
      },
      "id": "node/12573774333"
    },
    {
      "type": "Feature",
      "properties": {
        "@id": "node/12595467788",
        "addr:city": "اصفهان",
        "addr:street": "بوستان",
        "name": "دانا رایانه",
        "opening_hours": "Mo-Su 10:00-20:00",
        "operator": "مهدی خانی",
        "phone": "09131021284",
        "shop": "computer"
      },
      "geometry": {
        "type": "Point",
        "coordinates": [
          51.6833797,
          32.7007367
        ]
      },
      "id": "node/12595467788"
    },
    {
      "type": "Feature",
      "properties": {
        "@id": "node/12598872742",
        "name": "بازارگاه اینترنتی زاگسل",
        "shop": "computer"
      },
      "geometry": {
        "type": "Point",
        "coordinates": [
          56.0670244,
          26.967153
        ]
      },
      "id": "node/12598872742"
    },
    {
      "type": "Feature",
      "properties": {
        "@id": "node/12615404813",
        "name": "فروشگاه سرور سوییچ",
        "shop": "computer"
      },
      "geometry": {
        "type": "Point",
        "coordinates": [
          51.4038069,
          35.7056402
        ]
      },
      "id": "node/12615404813"
    },
    {
      "type": "Feature",
      "properties": {
        "@id": "node/12617860053",
        "addr:city": "اردبیل",
        "addr:housenumber": "101",
        "addr:street": "خیابان حاج‌لطیف نباتی‌مقدم",
        "brand": "فروش محصولات دیجیتال واینترنت آسیاتک",
        "name": "سایار کامپیوتر",
        "name:az": "فرزاد نجفی",
        "opening_hours": "sa-tu  10-14  16-20",
        "phone": "04533250755;04533253288",
        "shop": "computer"
      },
      "geometry": {
        "type": "Point",
        "coordinates": [
          48.2882771,
          38.2450484
        ]
      },
      "id": "node/12617860053"
    },
    {
      "type": "Feature",
      "properties": {
        "@id": "node/12638881610",
        "addr:city": "شهر بهشهر",
        "addr:street": "شهید مدنی",
        "mobile": "09360372493",
        "name": "کامپیوتر سعدی",
        "opening_hours": "24/7",
        "operator": "سعدی",
        "phone": "01134573034",
        "shop": "computer"
      },
      "geometry": {
        "type": "Point",
        "coordinates": [
          53.5607794,
          36.6848777
        ]
      },
      "id": "node/12638881610"
    },
    {
      "type": "Feature",
      "properties": {
        "@id": "node/12641060172",
        "name": "راهکار پرداز رایانه اکسیر",
        "shop": "computer"
      },
      "geometry": {
        "type": "Point",
        "coordinates": [
          44.944198,
          38.552646
        ]
      },
      "id": "node/12641060172"
    },
    {
      "type": "Feature",
      "properties": {
        "@id": "node/12670293808",
        "addr:city": "اهواز",
        "addr:postcode": "6193873157",
        "description": "مرکز تخصصی مشاوره و فروش انواع کامپیوتر و لپ تاپ و کلای جانبی موبایل و کامپیوترهای گیمینگ",
        "email": "ahwazdigitall@gmail.com",
        "mobile": "+989160927626",
        "name": "مرکز کامپیوتر اهواز دیجیتال",
        "opening_hours": "9:00 To 20:00",
        "payment:credit_cards": "yes",
        "phone": "+986132223368",
        "shop": "computer",
        "website": "https://ahwazdigitall.ir"
      },
      "geometry": {
        "type": "Point",
        "coordinates": [
          48.6831049,
          31.3226187
        ]
      },
      "id": "node/12670293808"
    },
    {
      "type": "Feature",
      "properties": {
        "@id": "node/12723758779",
        "addr:city": "Tehran",
        "addr:housenumber": "5",
        "addr:postcode": "1584633933",
        "addr:street": "خیابان ایرانشهر شمالی کوچه دهقانی‌نیا (خسرو سابق) ساختمان خسرو طبقه دو واحد شش",
        "name": "مانیتور بزرگمهر | Bozorgmehr Monitor",
        "note": "تعمیرات انواع مانیتور، لپتاپ، پرینتر و تلویزیون",
        "opening_hours": "شنبه تا چهارشنبه 10 صبح تا 7 شب، پنج‌شنبه از 10 صبح تا 2 ظهر | Sat-Wed 10am to 7pm, Thurs 10am to 2pm",
        "phone": "+98 2188831542, +98 2188842860, +98 9127180471",
        "shop": "computer"
      },
      "geometry": {
        "type": "Point",
        "coordinates": [
          51.4186765,
          35.7123303
        ]
      },
      "id": "node/12723758779"
    },
    {
      "type": "Feature",
      "properties": {
        "@id": "node/12737349452",
        "addr:city": "qom",
        "addr:housenumber": "35",
        "addr:postcode": "025",
        "addr:street": "شهیدان نوری بین ک7و9",
        "internet_access": "yes",
        "name": "فنی و مهندسی سامان گستر",
        "opening_hours": "sa-th 09:00-14:00,16:00-22:00",
        "operator": "Saman Gostar",
        "payment:cash": "yes",
        "payment:credit_cards": "yes",
        "payment:debit_cards": "yes",
        "phone": "+989307741454",
        "shop": "computer"
      },
      "geometry": {
        "type": "Point",
        "coordinates": [
          50.9137854,
          34.6521851
        ]
      },
      "id": "node/12737349452"
    },
    {
      "type": "Feature",
      "properties": {
        "@id": "node/12740379361",
        "name": "کارا رایانه",
        "opening_hours": "09:00-22:30",
        "phone": "09163302367",
        "shop": "computer"
      },
      "geometry": {
        "type": "Point",
        "coordinates": [
          48.2847424,
          30.3359334
        ]
      },
      "id": "node/12740379361"
    },
    {
      "type": "Feature",
      "properties": {
        "@id": "node/12769566869",
        "name": "شرکت پردازش تصویر ارتباط",
        "opening_hours": "Sa-We 09:00-13:30,17:00-20:30; Th 09:00-13:30",
        "phone": "+98 34 32118055",
        "shop": "computer"
      },
      "geometry": {
        "type": "Point",
        "coordinates": [
          57.0171063,
          30.2758043
        ]
      },
      "id": "node/12769566869"
    },
    {
      "type": "Feature",
      "properties": {
        "@id": "node/12770596612",
        "addr:city": "اهواز",
        "addr:postcode": "6194964820",
        "addr:street": "طالقانی",
        "air_conditioning": "yes",
        "currency:rial": "yes",
        "email": "info@Faradid.shop",
        "mobile": "+9861332234520",
        "name": "فرادید رایانه",
        "opening_hours": "08:00-22:00",
        "operator": "FaradidRayane",
        "payment:cash": "yes",
        "payment:credit_cards": "yes",
        "payment:debit_cards": "yes",
        "phone": "+9861332228969",
        "shop": "computer"
      },
      "geometry": {
        "type": "Point",
        "coordinates": [
          48.6864879,
          31.3206588
        ]
      },
      "id": "node/12770596612"
    },
    {
      "type": "Feature",
      "properties": {
        "@id": "node/12787961730",
        "addr:city": "کرمانشاه",
        "addr:street": "بلوار شهید فهمیده",
        "name": "آبان استوک",
        "opening_hours": "Mo-Su 08:00-20:00",
        "operator": "پوریا جعفری",
        "phone": "09011561109",
        "shop": "computer"
      },
      "geometry": {
        "type": "Point",
        "coordinates": [
          47.0717869,
          34.3339076
        ]
      },
      "id": "node/12787961730"
    },
    {
      "type": "Feature",
      "properties": {
        "@id": "node/12791265179",
        "name": "خدمات کامپیوتری پویان",
        "phone": "02833221037",
        "shop": "computer"
      },
      "geometry": {
        "type": "Point",
        "coordinates": [
          50.0076329,
          36.2636678
        ]
      },
      "id": "node/12791265179"
    },
    {
      "type": "Feature",
      "properties": {
        "@id": "node/12811531912",
        "alt_name": "بای تک",
        "description": "فروش و تعمیرات کنسول های بازی ، لپتاپ ،موبایل و اسپیکر",
        "image": "/Users/miladjafari/Library/Group Containers/group.com.apple.coreservices.useractivityd/shared-pasteboard/items/45C40611-2B02-4D3E-A097-02F02E3A43DA/631c4581-72d4-49df-969f-13ba0aacbcc1.jpeg",
        "name": "By Tech",
        "shop": "computer",
        "website": "https://bytechstore.ir/"
      },
      "geometry": {
        "type": "Point",
        "coordinates": [
          51.4230498,
          35.7825562
        ]
      },
      "id": "node/12811531912"
    },
    {
      "type": "Feature",
      "properties": {
        "@id": "node/12843967804",
        "addr:city": "Tehran",
        "addr:street": "چهار راه ولیعصر بالاتر از بازار کامپیوتر رضا پلاک 1506",
        "name": "فروشگاه قرن 21",
        "opening_hours": "Mo-Su 10:00-21:00",
        "operator": "محمد نازنینی",
        "phone": "09199496480",
        "shop": "computer"
      },
      "geometry": {
        "type": "Point",
        "coordinates": [
          51.4050787,
          35.7020911
        ]
      },
      "id": "node/12843967804"
    },
    {
      "type": "Feature",
      "properties": {
        "@id": "node/12848620028",
        "addr:city": "اصفهان",
        "addr:street": "طالقانی",
        "name": "فروشگاه خط قرمز",
        "opening_hours": "Mo-Su 09:30-21:00",
        "operator": "امیر حسین دهقانی",
        "phone": "031325605",
        "shop": "computer"
      },
      "geometry": {
        "type": "Point",
        "coordinates": [
          51.6542225,
          32.6582408
        ]
      },
      "id": "node/12848620028"
    },
    {
      "type": "Feature",
      "properties": {
        "@id": "node/12848829887",
        "addr:city": "تهران",
        "addr:street": "محمدعلی زرگر",
        "name": "فروشگاه آرنیک",
        "operator": "علیرضا سلیمی",
        "phone": "۰۲۱۹۱۰۹۲۶۰۰",
        "shop": "computer"
      },
      "geometry": {
        "type": "Point",
        "coordinates": [
          51.4099616,
          35.6375589
        ]
      },
      "id": "node/12848829887"
    },
    {
      "type": "Feature",
      "properties": {
        "@id": "node/12862542162",
        "name": "کامپیوتر مه پرداز",
        "opening_hours": "09:00-22:00",
        "phone": "02146862469",
        "shop": "computer"
      },
      "geometry": {
        "type": "Point",
        "coordinates": [
          51.1122645,
          35.7247711
        ]
      },
      "id": "node/12862542162"
    },
    {
      "type": "Feature",
      "properties": {
        "@id": "node/12877073486",
        "addr:city": "تهران",
        "addr:housenumber": "44",
        "addr:street": "آیت الله طالقانی، پاساژ تخت جمشید",
        "name": "لوازم جانبی کامپیوتر دالاهو پلاس (DalahoPlus)",
        "opening_hours": "Mo-We 08:30-19:30; Th 08:30-14:30; Sa-Su 08:30-19:30; ",
        "payment:cards": "yes",
        "payment:cash": "yes",
        "payment:credit_cards": "yes",
        "payment:debit_cards": "yes",
        "phone": "02166956584",
        "shop": "computer",
        "website": "https://dalahoplus.com"
      },
      "geometry": {
        "type": "Point",
        "coordinates": [
          51.4055004,
          35.7062638
        ]
      },
      "id": "node/12877073486"
    },
    {
      "type": "Feature",
      "properties": {
        "@id": "node/12905641363",
        "addr:city": "تهران",
        "addr:housenumber": "۲۸",
        "addr:street": "جهاد اکبر",
        "name": "خدمات کامپیوتر مهدی",
        "payment:cash": "yes",
        "payment:shetab_cards": "yes",
        "shop": "computer"
      },
      "geometry": {
        "type": "Point",
        "coordinates": [
          51.310305,
          35.7391529
        ]
      },
      "id": "node/12905641363"
    }
  ]
}